Target,Model,Macro_F1_Mean,Macro_F1_STD,Balanced_Accuracy_Mean,Balanced_Accuracy_STD,Ordinal_MAE_Mean,Ordinal_MAE_STD,Recall_Normal,Recall_Mild,Recall_Moderate,Recall_Severe,Recall_Extremely
DASS_Stress,Dummy,0.15384615384615385,0.0,0.2,0.0,0.7681818181818182,0.009090909090909084,1.0,0.0,0.0,0.0,0.0
DASS_Stress,Logistic Regression,0.34107608513748205,0.06974874987688591,0.3563476523476524,0.07315468247738358,0.6977272727272728,0.05010319928420137,0.6836363636363636,0.3090909090909091,0.2786885245901639,0.34285714285714286,0.14285714285714285
DASS_Stress,Random Forest,0.37380688825356145,0.05769601294332158,0.3687385947385947,0.046347964349888734,0.5613636363636364,0.026504326794751384,0.8290909090909091,0.18181818181818182,0.4098360655737705,0.2571428571428571,0.14285714285714285
DASS-Anxiety,Dummy,0.1201879365079365,0.0008939682539682524,0.2,0.0,1.4954545454545456,0.009090909090909084,1.0,0.0,0.0,0.0,0.0
DASS-Anxiety,Logistic Regression,0.297167602209884,0.05118132873408541,0.304340722814407,0.05387492587869519,1.1818181818181817,0.09005278525526793,0.5132275132275133,0.10810810810810811,0.25274725274725274,0.22641509433962265,0.42857142857142855
DASS-Anxiety,Random Forest,0.31290136571757765,0.056830453506672506,0.3300065212170475,0.061266265143478486,1.0522727272727272,0.15000000000000002,0.6931216931216931,0.02702702702702703,0.2857142857142857,0.07547169811320754,0.5714285714285714
DASS-Depression,Dummy,0.127551580202743,0.0008395945140131201,0.2,0.0,1.2431818181818182,0.011588680712710917,1.0,0.0,0.0,0.0,0.0
DASS-Depression,Logistic Regression,0.33721622235640547,0.045942048743612386,0.3460344208636892,0.05500971221442586,1.0,0.1255154661044007,0.6116504854368932,0.23076923076923078,0.26732673267326734,0.22580645161290322,0.4
DASS-Depression,Random Forest,0.354878166480899,0.025099293326167525,0.37605553795797697,0.023678566877161054,0.8431818181818181,0.0932649296758327,0.7572815533980582,0.1346153846153846,0.44554455445544555,0.0,0.54
