Target,Domain,Importance,Percentage_Contribution
DASS-Anxiety,Academic & Institutional,0.8005493185851525,18.796950815803346
DASS-Anxiety,Demographics,0.24416135703688263,5.7329247715222555
DASS-Anxiety,Economic & Environmental Security,0.6863020429886654,16.11441724745046
DASS-Anxiety,Family & Domestic Environment,0.41009704700446614,9.629105719398847
DASS-Anxiety,Lifestyle & Health Behavior,0.6669686986466391,15.660469046802032
DASS-Anxiety,Social & Interpersonal,1.1233109729170558,26.375415753387056
DASS-Anxiety,"Trauma, Abuse & Self-Perception",0.327542378039268,7.690716645635996
DASS-Depression,Academic & Institutional,0.04739137433612679,16.380432124531836
DASS-Depression,Demographics,0.009499357827809555,3.2833735738796
DASS-Depression,Economic & Environmental Security,0.06974486633495394,24.106729653614618
DASS-Depression,Family & Domestic Environment,0.02590204871267688,8.952826474603501
DASS-Depression,Lifestyle & Health Behavior,0.03219474461628153,11.127844177154893
DASS-Depression,Social & Interpersonal,0.06822349844384701,23.580881567843402
DASS-Depression,"Trauma, Abuse & Self-Perception",0.03636110683701928,12.567912428372146
DASS_Stress,Academic & Institutional,0.9850617171299033,19.197662104383674
DASS_Stress,Demographics,0.2815501785603423,5.48707263660471
DASS_Stress,Economic & Environmental Security,1.0338883201299716,20.14923357427218
DASS_Stress,Family & Domestic Environment,0.5567750309446566,10.850872312220533
DASS_Stress,Lifestyle & Health Behavior,0.7007811243659915,13.657376995531175
DASS_Stress,Social & Interpersonal,1.0624017321959307,20.704925507849936
DASS_Stress,"Trauma, Abuse & Self-Perception",0.5106964704635721,9.952856869137781
