Target,Final_Model,True_Class,Predicted_Class,Count
DASS_Stress,Logistic Regression (Regularized),0,0,185
DASS_Stress,Logistic Regression (Regularized),0,1,40
DASS_Stress,Logistic Regression (Regularized),0,2,34
DASS_Stress,Logistic Regression (Regularized),0,3,14
DASS_Stress,Logistic Regression (Regularized),0,4,2
DASS_Stress,Logistic Regression (Regularized),1,0,22
DASS_Stress,Logistic Regression (Regularized),1,1,13
DASS_Stress,Logistic Regression (Regularized),1,2,12
DASS_Stress,Logistic Regression (Regularized),1,3,6
DASS_Stress,Logistic Regression (Regularized),1,4,2
DASS_Stress,Logistic Regression (Regularized),2,0,7
DASS_Stress,Logistic Regression (Regularized),2,1,18
DASS_Stress,Logistic Regression (Regularized),2,2,17
DASS_Stress,Logistic Regression (Regularized),2,3,12
DASS_Stress,Logistic Regression (Regularized),2,4,7
DASS_Stress,Logistic Regression (Regularized),3,0,3
DASS_Stress,Logistic Regression (Regularized),3,1,5
DASS_Stress,Logistic Regression (Regularized),3,2,8
DASS_Stress,Logistic Regression (Regularized),3,3,17
DASS_Stress,Logistic Regression (Regularized),3,4,2
DASS_Stress,Logistic Regression (Regularized),4,0,0
DASS_Stress,Logistic Regression (Regularized),4,1,1
DASS_Stress,Logistic Regression (Regularized),4,2,6
DASS_Stress,Logistic Regression (Regularized),4,3,3
DASS_Stress,Logistic Regression (Regularized),4,4,4
DASS-Anxiety,Logistic Regression (Regularized),0,0,102
DASS-Anxiety,Logistic Regression (Regularized),0,1,37
DASS-Anxiety,Logistic Regression (Regularized),0,2,19
DASS-Anxiety,Logistic Regression (Regularized),0,3,23
DASS-Anxiety,Logistic Regression (Regularized),0,4,8
DASS-Anxiety,Logistic Regression (Regularized),1,0,13
DASS-Anxiety,Logistic Regression (Regularized),1,1,6
DASS-Anxiety,Logistic Regression (Regularized),1,2,5
DASS-Anxiety,Logistic Regression (Regularized),1,3,6
DASS-Anxiety,Logistic Regression (Regularized),1,4,7
DASS-Anxiety,Logistic Regression (Regularized),2,0,24
DASS-Anxiety,Logistic Regression (Regularized),2,1,17
DASS-Anxiety,Logistic Regression (Regularized),2,2,18
DASS-Anxiety,Logistic Regression (Regularized),2,3,13
DASS-Anxiety,Logistic Regression (Regularized),2,4,19
DASS-Anxiety,Logistic Regression (Regularized),3,0,12
DASS-Anxiety,Logistic Regression (Regularized),3,1,12
DASS-Anxiety,Logistic Regression (Regularized),3,2,4
DASS-Anxiety,Logistic Regression (Regularized),3,3,9
DASS-Anxiety,Logistic Regression (Regularized),3,4,16
DASS-Anxiety,Logistic Regression (Regularized),4,0,4
DASS-Anxiety,Logistic Regression (Regularized),4,1,4
DASS-Anxiety,Logistic Regression (Regularized),4,2,8
DASS-Anxiety,Logistic Regression (Regularized),4,3,12
DASS-Anxiety,Logistic Regression (Regularized),4,4,42
DASS-Depression,Random Forest (Cost-Sensitive),0,0,150
DASS-Depression,Random Forest (Cost-Sensitive),0,1,11
DASS-Depression,Random Forest (Cost-Sensitive),0,2,30
DASS-Depression,Random Forest (Cost-Sensitive),0,3,6
DASS-Depression,Random Forest (Cost-Sensitive),0,4,9
DASS-Depression,Random Forest (Cost-Sensitive),1,0,13
DASS-Depression,Random Forest (Cost-Sensitive),1,1,10
DASS-Depression,Random Forest (Cost-Sensitive),1,2,17
DASS-Depression,Random Forest (Cost-Sensitive),1,3,5
DASS-Depression,Random Forest (Cost-Sensitive),1,4,7
DASS-Depression,Random Forest (Cost-Sensitive),2,0,29
DASS-Depression,Random Forest (Cost-Sensitive),2,1,12
DASS-Depression,Random Forest (Cost-Sensitive),2,2,39
DASS-Depression,Random Forest (Cost-Sensitive),2,3,7
DASS-Depression,Random Forest (Cost-Sensitive),2,4,14
DASS-Depression,Random Forest (Cost-Sensitive),3,0,2
DASS-Depression,Random Forest (Cost-Sensitive),3,1,6
DASS-Depression,Random Forest (Cost-Sensitive),3,2,12
DASS-Depression,Random Forest (Cost-Sensitive),3,3,1
DASS-Depression,Random Forest (Cost-Sensitive),3,4,10
DASS-Depression,Random Forest (Cost-Sensitive),4,0,2
DASS-Depression,Random Forest (Cost-Sensitive),4,1,3
DASS-Depression,Random Forest (Cost-Sensitive),4,2,10
DASS-Depression,Random Forest (Cost-Sensitive),4,3,6
DASS-Depression,Random Forest (Cost-Sensitive),4,4,29
