Target,Final_Model,Fold,Macro_F1,Balanced_Accuracy,Ordinal_MAE
DASS_Stress,Logistic Regression (Regularized),1,0.3551020408163265,0.3847186147186147,0.75
DASS_Stress,Logistic Regression (Regularized),2,0.2991908507697981,0.31714285714285717,0.7272727272727273
DASS_Stress,Logistic Regression (Regularized),3,0.40431374001506226,0.4288311688311689,0.6931818181818182
DASS_Stress,Logistic Regression (Regularized),4,0.4153398058252427,0.4309523809523809,0.6363636363636364
DASS_Stress,Logistic Regression (Regularized),5,0.35356247762262794,0.4126473526473527,0.7727272727272727
DASS-Anxiety,Logistic Regression (Regularized),1,0.30665864227250844,0.3229437229437229,1.0909090909090908
DASS-Anxiety,Logistic Regression (Regularized),2,0.26930528558114764,0.2792967266651477,1.2159090909090908
DASS-Anxiety,Logistic Regression (Regularized),3,0.27745537097873924,0.2867167919799499,1.2613636363636365
DASS-Anxiety,Logistic Regression (Regularized),4,0.3432785726903374,0.36724310776942354,1.0113636363636365
DASS-Anxiety,Logistic Regression (Regularized),5,0.3996529342248564,0.4093405811826864,0.8636363636363636
DASS-Depression,Random Forest (Cost-Sensitive),1,0.345014245014245,0.35964523281596456,0.8977272727272727
DASS-Depression,Random Forest (Cost-Sensitive),2,0.392456954809896,0.407339246119734,0.7954545454545454
DASS-Depression,Random Forest (Cost-Sensitive),3,0.3577532102894422,0.37333333333333335,0.9886363636363636
DASS-Depression,Random Forest (Cost-Sensitive),4,0.34773993808049536,0.33835075493612077,0.7045454545454546
DASS-Depression,Random Forest (Cost-Sensitive),5,0.42353600897220217,0.44052264808362374,0.8636363636363636
