Target,Final_Model,Fold,Class,Class_Name,Recall
DASS_Stress,Logistic Regression (Regularized),1,0,Normal,0.6909090909090909
DASS_Stress,Logistic Regression (Regularized),1,1,Mild,0.36363636363636365
DASS_Stress,Logistic Regression (Regularized),1,2,Moderate,0.25
DASS_Stress,Logistic Regression (Regularized),1,3,Severe,0.2857142857142857
DASS_Stress,Logistic Regression (Regularized),1,4,Extremely,0.3333333333333333
DASS_Stress,Logistic Regression (Regularized),2,0,Normal,0.6181818181818182
DASS_Stress,Logistic Regression (Regularized),2,1,Mild,0.18181818181818182
DASS_Stress,Logistic Regression (Regularized),2,2,Moderate,0.5
DASS_Stress,Logistic Regression (Regularized),2,3,Severe,0.2857142857142857
DASS_Stress,Logistic Regression (Regularized),2,4,Extremely,0.0
DASS_Stress,Logistic Regression (Regularized),3,0,Normal,0.7090909090909091
DASS_Stress,Logistic Regression (Regularized),3,1,Mild,0.36363636363636365
DASS_Stress,Logistic Regression (Regularized),3,2,Moderate,0.16666666666666666
DASS_Stress,Logistic Regression (Regularized),3,3,Severe,0.5714285714285714
DASS_Stress,Logistic Regression (Regularized),3,4,Extremely,0.3333333333333333
DASS_Stress,Logistic Regression (Regularized),4,0,Normal,0.7272727272727273
DASS_Stress,Logistic Regression (Regularized),4,1,Mild,0.2727272727272727
DASS_Stress,Logistic Regression (Regularized),4,2,Moderate,0.25
DASS_Stress,Logistic Regression (Regularized),4,3,Severe,0.5714285714285714
DASS_Stress,Logistic Regression (Regularized),4,4,Extremely,0.3333333333333333
DASS_Stress,Logistic Regression (Regularized),5,0,Normal,0.6181818181818182
DASS_Stress,Logistic Regression (Regularized),5,1,Mild,0.0
DASS_Stress,Logistic Regression (Regularized),5,2,Moderate,0.23076923076923078
DASS_Stress,Logistic Regression (Regularized),5,3,Severe,0.7142857142857143
DASS_Stress,Logistic Regression (Regularized),5,4,Extremely,0.5
DASS-Anxiety,Logistic Regression (Regularized),1,0,Normal,0.5
DASS-Anxiety,Logistic Regression (Regularized),1,1,Mild,0.2857142857142857
DASS-Anxiety,Logistic Regression (Regularized),1,2,Moderate,0.16666666666666666
DASS-Anxiety,Logistic Regression (Regularized),1,3,Severe,0.09090909090909091
DASS-Anxiety,Logistic Regression (Regularized),1,4,Extremely,0.5714285714285714
DASS-Anxiety,Logistic Regression (Regularized),2,0,Normal,0.47368421052631576
DASS-Anxiety,Logistic Regression (Regularized),2,1,Mild,0.0
DASS-Anxiety,Logistic Regression (Regularized),2,2,Moderate,0.1111111111111111
DASS-Anxiety,Logistic Regression (Regularized),2,3,Severe,0.45454545454545453
DASS-Anxiety,Logistic Regression (Regularized),2,4,Extremely,0.35714285714285715
DASS-Anxiety,Logistic Regression (Regularized),3,0,Normal,0.5526315789473685
DASS-Anxiety,Logistic Regression (Regularized),3,1,Mild,0.14285714285714285
DASS-Anxiety,Logistic Regression (Regularized),3,2,Moderate,0.16666666666666666
DASS-Anxiety,Logistic Regression (Regularized),3,3,Severe,0.0
DASS-Anxiety,Logistic Regression (Regularized),3,4,Extremely,0.5714285714285714
DASS-Anxiety,Logistic Regression (Regularized),4,0,Normal,0.6052631578947368
DASS-Anxiety,Logistic Regression (Regularized),4,1,Mild,0.25
DASS-Anxiety,Logistic Regression (Regularized),4,2,Moderate,0.16666666666666666
DASS-Anxiety,Logistic Regression (Regularized),4,3,Severe,0.1
DASS-Anxiety,Logistic Regression (Regularized),4,4,Extremely,0.7142857142857143
DASS-Anxiety,Logistic Regression (Regularized),5,0,Normal,0.5675675675675675
DASS-Anxiety,Logistic Regression (Regularized),5,1,Mild,0.125
DASS-Anxiety,Logistic Regression (Regularized),5,2,Moderate,0.3684210526315789
DASS-Anxiety,Logistic Regression (Regularized),5,3,Severe,0.2
DASS-Anxiety,Logistic Regression (Regularized),5,4,Extremely,0.7857142857142857
DASS-Depression,Random Forest (Cost-Sensitive),1,0,Normal,0.7073170731707317
DASS-Depression,Random Forest (Cost-Sensitive),1,1,Mild,0.09090909090909091
DASS-Depression,Random Forest (Cost-Sensitive),1,2,Moderate,0.5
DASS-Depression,Random Forest (Cost-Sensitive),1,3,Severe,0.0
DASS-Depression,Random Forest (Cost-Sensitive),1,4,Extremely,0.5
DASS-Depression,Random Forest (Cost-Sensitive),2,0,Normal,0.8048780487804879
DASS-Depression,Random Forest (Cost-Sensitive),2,1,Mild,0.18181818181818182
DASS-Depression,Random Forest (Cost-Sensitive),2,2,Moderate,0.35
DASS-Depression,Random Forest (Cost-Sensitive),2,3,Severe,0.0
DASS-Depression,Random Forest (Cost-Sensitive),2,4,Extremely,0.7
DASS-Depression,Random Forest (Cost-Sensitive),3,0,Normal,0.6666666666666666
DASS-Depression,Random Forest (Cost-Sensitive),3,1,Mild,0.3
DASS-Depression,Random Forest (Cost-Sensitive),3,2,Moderate,0.3
DASS-Depression,Random Forest (Cost-Sensitive),3,3,Severe,0.0
DASS-Depression,Random Forest (Cost-Sensitive),3,4,Extremely,0.6
DASS-Depression,Random Forest (Cost-Sensitive),4,0,Normal,0.8536585365853658
DASS-Depression,Random Forest (Cost-Sensitive),4,1,Mild,0.2
DASS-Depression,Random Forest (Cost-Sensitive),4,2,Moderate,0.23809523809523808
DASS-Depression,Random Forest (Cost-Sensitive),4,3,Severe,0.0
DASS-Depression,Random Forest (Cost-Sensitive),4,4,Extremely,0.4
DASS-Depression,Random Forest (Cost-Sensitive),5,0,Normal,0.6097560975609756
DASS-Depression,Random Forest (Cost-Sensitive),5,1,Mild,0.2
DASS-Depression,Random Forest (Cost-Sensitive),5,2,Moderate,0.55
DASS-Depression,Random Forest (Cost-Sensitive),5,3,Severe,0.14285714285714285
DASS-Depression,Random Forest (Cost-Sensitive),5,4,Extremely,0.7
