target,fold,number_of_features,feature_names
DASS_Stress,1,92,binary_yesno__Taking counseling | binary_yesno__Mental illness history in the family | binary_yesno__Death in the family | binary_yesno__Frequent arguments among parents | binary_yesno__Divorced family | binary_yesno__Too strict guardians | binary_yesno__Frequent conflicts with family members | binary_yesno__Addicted family member | binary_yesno__Traumatic childhood experience | binary_yesno__Quality relationship with family | binary_yesno__Emotionally supportive family | binary_yesno__Satisfied relationship with family | binary_yesno__Biased parents | binary_yesno__Family pressure on academic selection | binary_yesno__Frequent failure in exam | binary_yesno__Worried about academic failure | binary_yesno__Family pressure on performing well in exam | binary_yesno__Parental satisfaction with academic result | binary_yesno__Self-satisfaction with academic performances | binary_yesno__Pressure of academic competition | binary_yesno__Breakup of a romantic relationship | binary_yesno__Insecurity of physical appearance | binary_yesno__Fear of communicating with new people | binary_yesno__Lack of money to meet basic needs | binary_yesno__Difficulty in maintaining a standard lifestyle | binary_yesno__Prefer to be alone mostly | binary_yesno__Social media monitoring | binary_yesno__Social media post review | binary_yesno__Unhappy feelings from social media | binary_yesno__Lack of personal space at home/ hostel | binary_yesno__Unsafe Residence | binary_yesno__Dissatisfied Neighborhood | binary_yesno__Experience social restrictions | binary_yesno__Dissatisfaction with living environment | binary_yesno__Physical abuse | binary_yesno__Verbal violence/ abuse | binary_yesno__Emotional violence/ abuse | binary_yesno__Sexual abuse | binary_yesno__Social violence/ abuse | binary_yesno__Pressure to meet family expectations | binary_yesno__Not achieving target/ expectation. | binary_yesno__Fear of not achieving life goals/ expectations | binary_other__Family Type | binary_other__Educational Institute Type | binary_other__Personality type | ordinal_3level__Participation in extracurricular activities | ordinal_3level__Play video-game | ordinal_3level__Participate in any sports. | ordinal_3level__Smoking cigarette | ordinal_3level__Smoking of marijuana/weed/ alcohol | ordinal_3level__Taking drugs or any other substance? | ordinal_3level__Falling sick frequently | ordinal_3level__Maintaining a balanced diet | ordinal_3level__Often sleep late at night. | ordinal_3level__Physical exercise/ Yoga | ordinal_3level__Religious practices | ordinal_3level__Often arguments/fights with friends | ordinal_3level__Bullied/ verbally abused by friends/ others | ordinal_3level__Cheated by friend | ordinal_3level__Abused/cheated by partner | ordinal_3level__Supportive friends | ordinal_3level__Biased Teacher | ordinal_3level__Insulted/ harassed by teacher | ordinal_3level__Inferiority in friendship | ordinal_3level__Often feels stressed | ordinal_3level__Deprived of deservation | ordinal_3level__Inferiority complex | ordinal_3level__Time spent on social media | ordinal_3level__Job Market Insecurity | ordinal_other__Socio economic status | ordinal_other__Academic Year | nominal__Gender_Female | nominal__Gender_Male | nominal__Gender_Other | nominal__Residences Area_City | nominal__Residences Area_Town | nominal__Residences Area_Village | nominal__Marital status_Divorsed | nominal__Marital status_Married | nominal__Marital status_Unmarried | nominal__Various struggle to continue study_Family | nominal__Various struggle to continue study_Financial | nominal__Various struggle to continue study_Mental | nominal__Various struggle to continue study_No struggle | nominal__Various struggle to continue study_Physical | nominal__Educational qualification_Bachelor | nominal__Educational qualification_Diploma | nominal__Educational qualification_HSC | nominal__Educational qualification_MBBS | nominal__Educational qualification_Masters | nominal__Educational qualification_Others | numerical__Age
DASS_Stress,2,91,binary_yesno__Taking counseling | binary_yesno__Mental illness history in the family | binary_yesno__Death in the family | binary_yesno__Frequent arguments among parents | binary_yesno__Divorced family | binary_yesno__Too strict guardians | binary_yesno__Frequent conflicts with family members | binary_yesno__Addicted family member | binary_yesno__Traumatic childhood experience | binary_yesno__Quality relationship with family | binary_yesno__Emotionally supportive family | binary_yesno__Satisfied relationship with family | binary_yesno__Biased parents | binary_yesno__Family pressure on academic selection | binary_yesno__Frequent failure in exam | binary_yesno__Worried about academic failure | binary_yesno__Family pressure on performing well in exam | binary_yesno__Parental satisfaction with academic result | binary_yesno__Self-satisfaction with academic performances | binary_yesno__Pressure of academic competition | binary_yesno__Breakup of a romantic relationship | binary_yesno__Insecurity of physical appearance | binary_yesno__Fear of communicating with new people | binary_yesno__Lack of money to meet basic needs | binary_yesno__Difficulty in maintaining a standard lifestyle | binary_yesno__Prefer to be alone mostly | binary_yesno__Social media monitoring | binary_yesno__Social media post review | binary_yesno__Unhappy feelings from social media | binary_yesno__Lack of personal space at home/ hostel | binary_yesno__Unsafe Residence | binary_yesno__Dissatisfied Neighborhood | binary_yesno__Experience social restrictions | binary_yesno__Dissatisfaction with living environment | binary_yesno__Physical abuse | binary_yesno__Verbal violence/ abuse | binary_yesno__Emotional violence/ abuse | binary_yesno__Sexual abuse | binary_yesno__Social violence/ abuse | binary_yesno__Pressure to meet family expectations | binary_yesno__Not achieving target/ expectation. | binary_yesno__Fear of not achieving life goals/ expectations | binary_other__Family Type | binary_other__Educational Institute Type | binary_other__Personality type | ordinal_3level__Participation in extracurricular activities | ordinal_3level__Play video-game | ordinal_3level__Participate in any sports. | ordinal_3level__Smoking cigarette | ordinal_3level__Smoking of marijuana/weed/ alcohol | ordinal_3level__Taking drugs or any other substance? | ordinal_3level__Falling sick frequently | ordinal_3level__Maintaining a balanced diet | ordinal_3level__Often sleep late at night. | ordinal_3level__Physical exercise/ Yoga | ordinal_3level__Religious practices | ordinal_3level__Often arguments/fights with friends | ordinal_3level__Bullied/ verbally abused by friends/ others | ordinal_3level__Cheated by friend | ordinal_3level__Abused/cheated by partner | ordinal_3level__Supportive friends | ordinal_3level__Biased Teacher | ordinal_3level__Insulted/ harassed by teacher | ordinal_3level__Inferiority in friendship | ordinal_3level__Often feels stressed | ordinal_3level__Deprived of deservation | ordinal_3level__Inferiority complex | ordinal_3level__Time spent on social media | ordinal_3level__Job Market Insecurity | ordinal_other__Socio economic status | ordinal_other__Academic Year | nominal__Gender_Female | nominal__Gender_Male | nominal__Residences Area_City | nominal__Residences Area_Town | nominal__Residences Area_Village | nominal__Marital status_Divorsed | nominal__Marital status_Married | nominal__Marital status_Unmarried | nominal__Various struggle to continue study_Family | nominal__Various struggle to continue study_Financial | nominal__Various struggle to continue study_Mental | nominal__Various struggle to continue study_No struggle | nominal__Various struggle to continue study_Physical | nominal__Educational qualification_Bachelor | nominal__Educational qualification_Diploma | nominal__Educational qualification_HSC | nominal__Educational qualification_MBBS | nominal__Educational qualification_Masters | nominal__Educational qualification_Others | numerical__Age
DASS_Stress,3,92,binary_yesno__Taking counseling | binary_yesno__Mental illness history in the family | binary_yesno__Death in the family | binary_yesno__Frequent arguments among parents | binary_yesno__Divorced family | binary_yesno__Too strict guardians | binary_yesno__Frequent conflicts with family members | binary_yesno__Addicted family member | binary_yesno__Traumatic childhood experience | binary_yesno__Quality relationship with family | binary_yesno__Emotionally supportive family | binary_yesno__Satisfied relationship with family | binary_yesno__Biased parents | binary_yesno__Family pressure on academic selection | binary_yesno__Frequent failure in exam | binary_yesno__Worried about academic failure | binary_yesno__Family pressure on performing well in exam | binary_yesno__Parental satisfaction with academic result | binary_yesno__Self-satisfaction with academic performances | binary_yesno__Pressure of academic competition | binary_yesno__Breakup of a romantic relationship | binary_yesno__Insecurity of physical appearance | binary_yesno__Fear of communicating with new people | binary_yesno__Lack of money to meet basic needs | binary_yesno__Difficulty in maintaining a standard lifestyle | binary_yesno__Prefer to be alone mostly | binary_yesno__Social media monitoring | binary_yesno__Social media post review | binary_yesno__Unhappy feelings from social media | binary_yesno__Lack of personal space at home/ hostel | binary_yesno__Unsafe Residence | binary_yesno__Dissatisfied Neighborhood | binary_yesno__Experience social restrictions | binary_yesno__Dissatisfaction with living environment | binary_yesno__Physical abuse | binary_yesno__Verbal violence/ abuse | binary_yesno__Emotional violence/ abuse | binary_yesno__Sexual abuse | binary_yesno__Social violence/ abuse | binary_yesno__Pressure to meet family expectations | binary_yesno__Not achieving target/ expectation. | binary_yesno__Fear of not achieving life goals/ expectations | binary_other__Family Type | binary_other__Educational Institute Type | binary_other__Personality type | ordinal_3level__Participation in extracurricular activities | ordinal_3level__Play video-game | ordinal_3level__Participate in any sports. | ordinal_3level__Smoking cigarette | ordinal_3level__Smoking of marijuana/weed/ alcohol | ordinal_3level__Taking drugs or any other substance? | ordinal_3level__Falling sick frequently | ordinal_3level__Maintaining a balanced diet | ordinal_3level__Often sleep late at night. | ordinal_3level__Physical exercise/ Yoga | ordinal_3level__Religious practices | ordinal_3level__Often arguments/fights with friends | ordinal_3level__Bullied/ verbally abused by friends/ others | ordinal_3level__Cheated by friend | ordinal_3level__Abused/cheated by partner | ordinal_3level__Supportive friends | ordinal_3level__Biased Teacher | ordinal_3level__Insulted/ harassed by teacher | ordinal_3level__Inferiority in friendship | ordinal_3level__Often feels stressed | ordinal_3level__Deprived of deservation | ordinal_3level__Inferiority complex | ordinal_3level__Time spent on social media | ordinal_3level__Job Market Insecurity | ordinal_other__Socio economic status | ordinal_other__Academic Year | nominal__Gender_Female | nominal__Gender_Male | nominal__Gender_Other | nominal__Residences Area_City | nominal__Residences Area_Town | nominal__Residences Area_Village | nominal__Marital status_Divorsed | nominal__Marital status_Married | nominal__Marital status_Unmarried | nominal__Various struggle to continue study_Family | nominal__Various struggle to continue study_Financial | nominal__Various struggle to continue study_Mental | nominal__Various struggle to continue study_No struggle | nominal__Various struggle to continue study_Physical | nominal__Educational qualification_Bachelor | nominal__Educational qualification_Diploma | nominal__Educational qualification_HSC | nominal__Educational qualification_MBBS | nominal__Educational qualification_Masters | nominal__Educational qualification_Others | numerical__Age
DASS_Stress,4,90,binary_yesno__Taking counseling | binary_yesno__Mental illness history in the family | binary_yesno__Death in the family | binary_yesno__Frequent arguments among parents | binary_yesno__Divorced family | binary_yesno__Too strict guardians | binary_yesno__Frequent conflicts with family members | binary_yesno__Addicted family member | binary_yesno__Traumatic childhood experience | binary_yesno__Quality relationship with family | binary_yesno__Emotionally supportive family | binary_yesno__Satisfied relationship with family | binary_yesno__Biased parents | binary_yesno__Family pressure on academic selection | binary_yesno__Frequent failure in exam | binary_yesno__Worried about academic failure | binary_yesno__Family pressure on performing well in exam | binary_yesno__Parental satisfaction with academic result | binary_yesno__Self-satisfaction with academic performances | binary_yesno__Pressure of academic competition | binary_yesno__Breakup of a romantic relationship | binary_yesno__Insecurity of physical appearance | binary_yesno__Fear of communicating with new people | binary_yesno__Lack of money to meet basic needs | binary_yesno__Difficulty in maintaining a standard lifestyle | binary_yesno__Prefer to be alone mostly | binary_yesno__Social media monitoring | binary_yesno__Social media post review | binary_yesno__Unhappy feelings from social media | binary_yesno__Lack of personal space at home/ hostel | binary_yesno__Unsafe Residence | binary_yesno__Dissatisfied Neighborhood | binary_yesno__Experience social restrictions | binary_yesno__Dissatisfaction with living environment | binary_yesno__Physical abuse | binary_yesno__Verbal violence/ abuse | binary_yesno__Emotional violence/ abuse | binary_yesno__Sexual abuse | binary_yesno__Social violence/ abuse | binary_yesno__Pressure to meet family expectations | binary_yesno__Not achieving target/ expectation. | binary_yesno__Fear of not achieving life goals/ expectations | binary_other__Family Type | binary_other__Educational Institute Type | binary_other__Personality type | ordinal_3level__Participation in extracurricular activities | ordinal_3level__Play video-game | ordinal_3level__Participate in any sports. | ordinal_3level__Smoking cigarette | ordinal_3level__Smoking of marijuana/weed/ alcohol | ordinal_3level__Taking drugs or any other substance? | ordinal_3level__Falling sick frequently | ordinal_3level__Maintaining a balanced diet | ordinal_3level__Often sleep late at night. | ordinal_3level__Physical exercise/ Yoga | ordinal_3level__Religious practices | ordinal_3level__Often arguments/fights with friends | ordinal_3level__Bullied/ verbally abused by friends/ others | ordinal_3level__Cheated by friend | ordinal_3level__Abused/cheated by partner | ordinal_3level__Supportive friends | ordinal_3level__Biased Teacher | ordinal_3level__Insulted/ harassed by teacher | ordinal_3level__Inferiority in friendship | ordinal_3level__Often feels stressed | ordinal_3level__Deprived of deservation | ordinal_3level__Inferiority complex | ordinal_3level__Time spent on social media | ordinal_3level__Job Market Insecurity | ordinal_other__Socio economic status | ordinal_other__Academic Year | nominal__Gender_Female | nominal__Gender_Male | nominal__Gender_Other | nominal__Residences Area_City | nominal__Residences Area_Town | nominal__Residences Area_Village | nominal__Marital status_Married | nominal__Marital status_Unmarried | nominal__Various struggle to continue study_Family | nominal__Various struggle to continue study_Financial | nominal__Various struggle to continue study_Mental | nominal__Various struggle to continue study_No struggle | nominal__Various struggle to continue study_Physical | nominal__Educational qualification_Bachelor | nominal__Educational qualification_Diploma | nominal__Educational qualification_HSC | nominal__Educational qualification_Masters | nominal__Educational qualification_Others | numerical__Age
DASS_Stress,5,92,binary_yesno__Taking counseling | binary_yesno__Mental illness history in the family | binary_yesno__Death in the family | binary_yesno__Frequent arguments among parents | binary_yesno__Divorced family | binary_yesno__Too strict guardians | binary_yesno__Frequent conflicts with family members | binary_yesno__Addicted family member | binary_yesno__Traumatic childhood experience | binary_yesno__Quality relationship with family | binary_yesno__Emotionally supportive family | binary_yesno__Satisfied relationship with family | binary_yesno__Biased parents | binary_yesno__Family pressure on academic selection | binary_yesno__Frequent failure in exam | binary_yesno__Worried about academic failure | binary_yesno__Family pressure on performing well in exam | binary_yesno__Parental satisfaction with academic result | binary_yesno__Self-satisfaction with academic performances | binary_yesno__Pressure of academic competition | binary_yesno__Breakup of a romantic relationship | binary_yesno__Insecurity of physical appearance | binary_yesno__Fear of communicating with new people | binary_yesno__Lack of money to meet basic needs | binary_yesno__Difficulty in maintaining a standard lifestyle | binary_yesno__Prefer to be alone mostly | binary_yesno__Social media monitoring | binary_yesno__Social media post review | binary_yesno__Unhappy feelings from social media | binary_yesno__Lack of personal space at home/ hostel | binary_yesno__Unsafe Residence | binary_yesno__Dissatisfied Neighborhood | binary_yesno__Experience social restrictions | binary_yesno__Dissatisfaction with living environment | binary_yesno__Physical abuse | binary_yesno__Verbal violence/ abuse | binary_yesno__Emotional violence/ abuse | binary_yesno__Sexual abuse | binary_yesno__Social violence/ abuse | binary_yesno__Pressure to meet family expectations | binary_yesno__Not achieving target/ expectation. | binary_yesno__Fear of not achieving life goals/ expectations | binary_other__Family Type | binary_other__Educational Institute Type | binary_other__Personality type | ordinal_3level__Participation in extracurricular activities | ordinal_3level__Play video-game | ordinal_3level__Participate in any sports. | ordinal_3level__Smoking cigarette | ordinal_3level__Smoking of marijuana/weed/ alcohol | ordinal_3level__Taking drugs or any other substance? | ordinal_3level__Falling sick frequently | ordinal_3level__Maintaining a balanced diet | ordinal_3level__Often sleep late at night. | ordinal_3level__Physical exercise/ Yoga | ordinal_3level__Religious practices | ordinal_3level__Often arguments/fights with friends | ordinal_3level__Bullied/ verbally abused by friends/ others | ordinal_3level__Cheated by friend | ordinal_3level__Abused/cheated by partner | ordinal_3level__Supportive friends | ordinal_3level__Biased Teacher | ordinal_3level__Insulted/ harassed by teacher | ordinal_3level__Inferiority in friendship | ordinal_3level__Often feels stressed | ordinal_3level__Deprived of deservation | ordinal_3level__Inferiority complex | ordinal_3level__Time spent on social media | ordinal_3level__Job Market Insecurity | ordinal_other__Socio economic status | ordinal_other__Academic Year | nominal__Gender_Female | nominal__Gender_Male | nominal__Gender_Other | nominal__Residences Area_City | nominal__Residences Area_Town | nominal__Residences Area_Village | nominal__Marital status_Divorsed | nominal__Marital status_Married | nominal__Marital status_Unmarried | nominal__Various struggle to continue study_Family | nominal__Various struggle to continue study_Financial | nominal__Various struggle to continue study_Mental | nominal__Various struggle to continue study_No struggle | nominal__Various struggle to continue study_Physical | nominal__Educational qualification_Bachelor | nominal__Educational qualification_Diploma | nominal__Educational qualification_HSC | nominal__Educational qualification_MBBS | nominal__Educational qualification_Masters | nominal__Educational qualification_Others | numerical__Age
DASS-Anxiety,1,92,binary_yesno__Taking counseling | binary_yesno__Mental illness history in the family | binary_yesno__Death in the family | binary_yesno__Frequent arguments among parents | binary_yesno__Divorced family | binary_yesno__Too strict guardians | binary_yesno__Frequent conflicts with family members | binary_yesno__Addicted family member | binary_yesno__Traumatic childhood experience | binary_yesno__Quality relationship with family | binary_yesno__Emotionally supportive family | binary_yesno__Satisfied relationship with family | binary_yesno__Biased parents | binary_yesno__Family pressure on academic selection | binary_yesno__Frequent failure in exam | binary_yesno__Worried about academic failure | binary_yesno__Family pressure on performing well in exam | binary_yesno__Parental satisfaction with academic result | binary_yesno__Self-satisfaction with academic performances | binary_yesno__Pressure of academic competition | binary_yesno__Breakup of a romantic relationship | binary_yesno__Insecurity of physical appearance | binary_yesno__Fear of communicating with new people | binary_yesno__Lack of money to meet basic needs | binary_yesno__Difficulty in maintaining a standard lifestyle | binary_yesno__Prefer to be alone mostly | binary_yesno__Social media monitoring | binary_yesno__Social media post review | binary_yesno__Unhappy feelings from social media | binary_yesno__Lack of personal space at home/ hostel | binary_yesno__Unsafe Residence | binary_yesno__Dissatisfied Neighborhood | binary_yesno__Experience social restrictions | binary_yesno__Dissatisfaction with living environment | binary_yesno__Physical abuse | binary_yesno__Verbal violence/ abuse | binary_yesno__Emotional violence/ abuse | binary_yesno__Sexual abuse | binary_yesno__Social violence/ abuse | binary_yesno__Pressure to meet family expectations | binary_yesno__Not achieving target/ expectation. | binary_yesno__Fear of not achieving life goals/ expectations | binary_other__Family Type | binary_other__Educational Institute Type | binary_other__Personality type | ordinal_3level__Participation in extracurricular activities | ordinal_3level__Play video-game | ordinal_3level__Participate in any sports. | ordinal_3level__Smoking cigarette | ordinal_3level__Smoking of marijuana/weed/ alcohol | ordinal_3level__Taking drugs or any other substance? | ordinal_3level__Falling sick frequently | ordinal_3level__Maintaining a balanced diet | ordinal_3level__Often sleep late at night. | ordinal_3level__Physical exercise/ Yoga | ordinal_3level__Religious practices | ordinal_3level__Often arguments/fights with friends | ordinal_3level__Bullied/ verbally abused by friends/ others | ordinal_3level__Cheated by friend | ordinal_3level__Abused/cheated by partner | ordinal_3level__Supportive friends | ordinal_3level__Biased Teacher | ordinal_3level__Insulted/ harassed by teacher | ordinal_3level__Inferiority in friendship | ordinal_3level__Often feels stressed | ordinal_3level__Deprived of deservation | ordinal_3level__Inferiority complex | ordinal_3level__Time spent on social media | ordinal_3level__Job Market Insecurity | ordinal_other__Socio economic status | ordinal_other__Academic Year | nominal__Gender_Female | nominal__Gender_Male | nominal__Gender_Other | nominal__Residences Area_City | nominal__Residences Area_Town | nominal__Residences Area_Village | nominal__Marital status_Divorsed | nominal__Marital status_Married | nominal__Marital status_Unmarried | nominal__Various struggle to continue study_Family | nominal__Various struggle to continue study_Financial | nominal__Various struggle to continue study_Mental | nominal__Various struggle to continue study_No struggle | nominal__Various struggle to continue study_Physical | nominal__Educational qualification_Bachelor | nominal__Educational qualification_Diploma | nominal__Educational qualification_HSC | nominal__Educational qualification_MBBS | nominal__Educational qualification_Masters | nominal__Educational qualification_Others | numerical__Age
DASS-Anxiety,2,92,binary_yesno__Taking counseling | binary_yesno__Mental illness history in the family | binary_yesno__Death in the family | binary_yesno__Frequent arguments among parents | binary_yesno__Divorced family | binary_yesno__Too strict guardians | binary_yesno__Frequent conflicts with family members | binary_yesno__Addicted family member | binary_yesno__Traumatic childhood experience | binary_yesno__Quality relationship with family | binary_yesno__Emotionally supportive family | binary_yesno__Satisfied relationship with family | binary_yesno__Biased parents | binary_yesno__Family pressure on academic selection | binary_yesno__Frequent failure in exam | binary_yesno__Worried about academic failure | binary_yesno__Family pressure on performing well in exam | binary_yesno__Parental satisfaction with academic result | binary_yesno__Self-satisfaction with academic performances | binary_yesno__Pressure of academic competition | binary_yesno__Breakup of a romantic relationship | binary_yesno__Insecurity of physical appearance | binary_yesno__Fear of communicating with new people | binary_yesno__Lack of money to meet basic needs | binary_yesno__Difficulty in maintaining a standard lifestyle | binary_yesno__Prefer to be alone mostly | binary_yesno__Social media monitoring | binary_yesno__Social media post review | binary_yesno__Unhappy feelings from social media | binary_yesno__Lack of personal space at home/ hostel | binary_yesno__Unsafe Residence | binary_yesno__Dissatisfied Neighborhood | binary_yesno__Experience social restrictions | binary_yesno__Dissatisfaction with living environment | binary_yesno__Physical abuse | binary_yesno__Verbal violence/ abuse | binary_yesno__Emotional violence/ abuse | binary_yesno__Sexual abuse | binary_yesno__Social violence/ abuse | binary_yesno__Pressure to meet family expectations | binary_yesno__Not achieving target/ expectation. | binary_yesno__Fear of not achieving life goals/ expectations | binary_other__Family Type | binary_other__Educational Institute Type | binary_other__Personality type | ordinal_3level__Participation in extracurricular activities | ordinal_3level__Play video-game | ordinal_3level__Participate in any sports. | ordinal_3level__Smoking cigarette | ordinal_3level__Smoking of marijuana/weed/ alcohol | ordinal_3level__Taking drugs or any other substance? | ordinal_3level__Falling sick frequently | ordinal_3level__Maintaining a balanced diet | ordinal_3level__Often sleep late at night. | ordinal_3level__Physical exercise/ Yoga | ordinal_3level__Religious practices | ordinal_3level__Often arguments/fights with friends | ordinal_3level__Bullied/ verbally abused by friends/ others | ordinal_3level__Cheated by friend | ordinal_3level__Abused/cheated by partner | ordinal_3level__Supportive friends | ordinal_3level__Biased Teacher | ordinal_3level__Insulted/ harassed by teacher | ordinal_3level__Inferiority in friendship | ordinal_3level__Often feels stressed | ordinal_3level__Deprived of deservation | ordinal_3level__Inferiority complex | ordinal_3level__Time spent on social media | ordinal_3level__Job Market Insecurity | ordinal_other__Socio economic status | ordinal_other__Academic Year | nominal__Gender_Female | nominal__Gender_Male | nominal__Gender_Other | nominal__Residences Area_City | nominal__Residences Area_Town | nominal__Residences Area_Village | nominal__Marital status_Divorsed | nominal__Marital status_Married | nominal__Marital status_Unmarried | nominal__Various struggle to continue study_Family | nominal__Various struggle to continue study_Financial | nominal__Various struggle to continue study_Mental | nominal__Various struggle to continue study_No struggle | nominal__Various struggle to continue study_Physical | nominal__Educational qualification_Bachelor | nominal__Educational qualification_Diploma | nominal__Educational qualification_HSC | nominal__Educational qualification_MBBS | nominal__Educational qualification_Masters | nominal__Educational qualification_Others | numerical__Age
DASS-Anxiety,3,91,binary_yesno__Taking counseling | binary_yesno__Mental illness history in the family | binary_yesno__Death in the family | binary_yesno__Frequent arguments among parents | binary_yesno__Divorced family | binary_yesno__Too strict guardians | binary_yesno__Frequent conflicts with family members | binary_yesno__Addicted family member | binary_yesno__Traumatic childhood experience | binary_yesno__Quality relationship with family | binary_yesno__Emotionally supportive family | binary_yesno__Satisfied relationship with family | binary_yesno__Biased parents | binary_yesno__Family pressure on academic selection | binary_yesno__Frequent failure in exam | binary_yesno__Worried about academic failure | binary_yesno__Family pressure on performing well in exam | binary_yesno__Parental satisfaction with academic result | binary_yesno__Self-satisfaction with academic performances | binary_yesno__Pressure of academic competition | binary_yesno__Breakup of a romantic relationship | binary_yesno__Insecurity of physical appearance | binary_yesno__Fear of communicating with new people | binary_yesno__Lack of money to meet basic needs | binary_yesno__Difficulty in maintaining a standard lifestyle | binary_yesno__Prefer to be alone mostly | binary_yesno__Social media monitoring | binary_yesno__Social media post review | binary_yesno__Unhappy feelings from social media | binary_yesno__Lack of personal space at home/ hostel | binary_yesno__Unsafe Residence | binary_yesno__Dissatisfied Neighborhood | binary_yesno__Experience social restrictions | binary_yesno__Dissatisfaction with living environment | binary_yesno__Physical abuse | binary_yesno__Verbal violence/ abuse | binary_yesno__Emotional violence/ abuse | binary_yesno__Sexual abuse | binary_yesno__Social violence/ abuse | binary_yesno__Pressure to meet family expectations | binary_yesno__Not achieving target/ expectation. | binary_yesno__Fear of not achieving life goals/ expectations | binary_other__Family Type | binary_other__Educational Institute Type | binary_other__Personality type | ordinal_3level__Participation in extracurricular activities | ordinal_3level__Play video-game | ordinal_3level__Participate in any sports. | ordinal_3level__Smoking cigarette | ordinal_3level__Smoking of marijuana/weed/ alcohol | ordinal_3level__Taking drugs or any other substance? | ordinal_3level__Falling sick frequently | ordinal_3level__Maintaining a balanced diet | ordinal_3level__Often sleep late at night. | ordinal_3level__Physical exercise/ Yoga | ordinal_3level__Religious practices | ordinal_3level__Often arguments/fights with friends | ordinal_3level__Bullied/ verbally abused by friends/ others | ordinal_3level__Cheated by friend | ordinal_3level__Abused/cheated by partner | ordinal_3level__Supportive friends | ordinal_3level__Biased Teacher | ordinal_3level__Insulted/ harassed by teacher | ordinal_3level__Inferiority in friendship | ordinal_3level__Often feels stressed | ordinal_3level__Deprived of deservation | ordinal_3level__Inferiority complex | ordinal_3level__Time spent on social media | ordinal_3level__Job Market Insecurity | ordinal_other__Socio economic status | ordinal_other__Academic Year | nominal__Gender_Female | nominal__Gender_Male | nominal__Gender_Other | nominal__Residences Area_City | nominal__Residences Area_Town | nominal__Residences Area_Village | nominal__Marital status_Divorsed | nominal__Marital status_Married | nominal__Marital status_Unmarried | nominal__Various struggle to continue study_Family | nominal__Various struggle to continue study_Financial | nominal__Various struggle to continue study_Mental | nominal__Various struggle to continue study_No struggle | nominal__Various struggle to continue study_Physical | nominal__Educational qualification_Bachelor | nominal__Educational qualification_Diploma | nominal__Educational qualification_HSC | nominal__Educational qualification_Masters | nominal__Educational qualification_Others | numerical__Age
DASS-Anxiety,4,92,binary_yesno__Taking counseling | binary_yesno__Mental illness history in the family | binary_yesno__Death in the family | binary_yesno__Frequent arguments among parents | binary_yesno__Divorced family | binary_yesno__Too strict guardians | binary_yesno__Frequent conflicts with family members | binary_yesno__Addicted family member | binary_yesno__Traumatic childhood experience | binary_yesno__Quality relationship with family | binary_yesno__Emotionally supportive family | binary_yesno__Satisfied relationship with family | binary_yesno__Biased parents | binary_yesno__Family pressure on academic selection | binary_yesno__Frequent failure in exam | binary_yesno__Worried about academic failure | binary_yesno__Family pressure on performing well in exam | binary_yesno__Parental satisfaction with academic result | binary_yesno__Self-satisfaction with academic performances | binary_yesno__Pressure of academic competition | binary_yesno__Breakup of a romantic relationship | binary_yesno__Insecurity of physical appearance | binary_yesno__Fear of communicating with new people | binary_yesno__Lack of money to meet basic needs | binary_yesno__Difficulty in maintaining a standard lifestyle | binary_yesno__Prefer to be alone mostly | binary_yesno__Social media monitoring | binary_yesno__Social media post review | binary_yesno__Unhappy feelings from social media | binary_yesno__Lack of personal space at home/ hostel | binary_yesno__Unsafe Residence | binary_yesno__Dissatisfied Neighborhood | binary_yesno__Experience social restrictions | binary_yesno__Dissatisfaction with living environment | binary_yesno__Physical abuse | binary_yesno__Verbal violence/ abuse | binary_yesno__Emotional violence/ abuse | binary_yesno__Sexual abuse | binary_yesno__Social violence/ abuse | binary_yesno__Pressure to meet family expectations | binary_yesno__Not achieving target/ expectation. | binary_yesno__Fear of not achieving life goals/ expectations | binary_other__Family Type | binary_other__Educational Institute Type | binary_other__Personality type | ordinal_3level__Participation in extracurricular activities | ordinal_3level__Play video-game | ordinal_3level__Participate in any sports. | ordinal_3level__Smoking cigarette | ordinal_3level__Smoking of marijuana/weed/ alcohol | ordinal_3level__Taking drugs or any other substance? | ordinal_3level__Falling sick frequently | ordinal_3level__Maintaining a balanced diet | ordinal_3level__Often sleep late at night. | ordinal_3level__Physical exercise/ Yoga | ordinal_3level__Religious practices | ordinal_3level__Often arguments/fights with friends | ordinal_3level__Bullied/ verbally abused by friends/ others | ordinal_3level__Cheated by friend | ordinal_3level__Abused/cheated by partner | ordinal_3level__Supportive friends | ordinal_3level__Biased Teacher | ordinal_3level__Insulted/ harassed by teacher | ordinal_3level__Inferiority in friendship | ordinal_3level__Often feels stressed | ordinal_3level__Deprived of deservation | ordinal_3level__Inferiority complex | ordinal_3level__Time spent on social media | ordinal_3level__Job Market Insecurity | ordinal_other__Socio economic status | ordinal_other__Academic Year | nominal__Gender_Female | nominal__Gender_Male | nominal__Gender_Other | nominal__Residences Area_City | nominal__Residences Area_Town | nominal__Residences Area_Village | nominal__Marital status_Divorsed | nominal__Marital status_Married | nominal__Marital status_Unmarried | nominal__Various struggle to continue study_Family | nominal__Various struggle to continue study_Financial | nominal__Various struggle to continue study_Mental | nominal__Various struggle to continue study_No struggle | nominal__Various struggle to continue study_Physical | nominal__Educational qualification_Bachelor | nominal__Educational qualification_Diploma | nominal__Educational qualification_HSC | nominal__Educational qualification_MBBS | nominal__Educational qualification_Masters | nominal__Educational qualification_Others | numerical__Age
DASS-Anxiety,5,90,binary_yesno__Taking counseling | binary_yesno__Mental illness history in the family | binary_yesno__Death in the family | binary_yesno__Frequent arguments among parents | binary_yesno__Divorced family | binary_yesno__Too strict guardians | binary_yesno__Frequent conflicts with family members | binary_yesno__Addicted family member | binary_yesno__Traumatic childhood experience | binary_yesno__Quality relationship with family | binary_yesno__Emotionally supportive family | binary_yesno__Satisfied relationship with family | binary_yesno__Biased parents | binary_yesno__Family pressure on academic selection | binary_yesno__Frequent failure in exam | binary_yesno__Worried about academic failure | binary_yesno__Family pressure on performing well in exam | binary_yesno__Parental satisfaction with academic result | binary_yesno__Self-satisfaction with academic performances | binary_yesno__Pressure of academic competition | binary_yesno__Breakup of a romantic relationship | binary_yesno__Insecurity of physical appearance | binary_yesno__Fear of communicating with new people | binary_yesno__Lack of money to meet basic needs | binary_yesno__Difficulty in maintaining a standard lifestyle | binary_yesno__Prefer to be alone mostly | binary_yesno__Social media monitoring | binary_yesno__Social media post review | binary_yesno__Unhappy feelings from social media | binary_yesno__Lack of personal space at home/ hostel | binary_yesno__Unsafe Residence | binary_yesno__Dissatisfied Neighborhood | binary_yesno__Experience social restrictions | binary_yesno__Dissatisfaction with living environment | binary_yesno__Physical abuse | binary_yesno__Verbal violence/ abuse | binary_yesno__Emotional violence/ abuse | binary_yesno__Sexual abuse | binary_yesno__Social violence/ abuse | binary_yesno__Pressure to meet family expectations | binary_yesno__Not achieving target/ expectation. | binary_yesno__Fear of not achieving life goals/ expectations | binary_other__Family Type | binary_other__Educational Institute Type | binary_other__Personality type | ordinal_3level__Participation in extracurricular activities | ordinal_3level__Play video-game | ordinal_3level__Participate in any sports. | ordinal_3level__Smoking cigarette | ordinal_3level__Smoking of marijuana/weed/ alcohol | ordinal_3level__Taking drugs or any other substance? | ordinal_3level__Falling sick frequently | ordinal_3level__Maintaining a balanced diet | ordinal_3level__Often sleep late at night. | ordinal_3level__Physical exercise/ Yoga | ordinal_3level__Religious practices | ordinal_3level__Often arguments/fights with friends | ordinal_3level__Bullied/ verbally abused by friends/ others | ordinal_3level__Cheated by friend | ordinal_3level__Abused/cheated by partner | ordinal_3level__Supportive friends | ordinal_3level__Biased Teacher | ordinal_3level__Insulted/ harassed by teacher | ordinal_3level__Inferiority in friendship | ordinal_3level__Often feels stressed | ordinal_3level__Deprived of deservation | ordinal_3level__Inferiority complex | ordinal_3level__Time spent on social media | ordinal_3level__Job Market Insecurity | ordinal_other__Socio economic status | ordinal_other__Academic Year | nominal__Gender_Female | nominal__Gender_Male | nominal__Residences Area_City | nominal__Residences Area_Town | nominal__Residences Area_Village | nominal__Marital status_Married | nominal__Marital status_Unmarried | nominal__Various struggle to continue study_Family | nominal__Various struggle to continue study_Financial | nominal__Various struggle to continue study_Mental | nominal__Various struggle to continue study_No struggle | nominal__Various struggle to continue study_Physical | nominal__Educational qualification_Bachelor | nominal__Educational qualification_Diploma | nominal__Educational qualification_HSC | nominal__Educational qualification_MBBS | nominal__Educational qualification_Masters | nominal__Educational qualification_Others | numerical__Age
DASS-Depression,1,91,binary_yesno__Taking counseling | binary_yesno__Mental illness history in the family | binary_yesno__Death in the family | binary_yesno__Frequent arguments among parents | binary_yesno__Divorced family | binary_yesno__Too strict guardians | binary_yesno__Frequent conflicts with family members | binary_yesno__Addicted family member | binary_yesno__Traumatic childhood experience | binary_yesno__Quality relationship with family | binary_yesno__Emotionally supportive family | binary_yesno__Satisfied relationship with family | binary_yesno__Biased parents | binary_yesno__Family pressure on academic selection | binary_yesno__Frequent failure in exam | binary_yesno__Worried about academic failure | binary_yesno__Family pressure on performing well in exam | binary_yesno__Parental satisfaction with academic result | binary_yesno__Self-satisfaction with academic performances | binary_yesno__Pressure of academic competition | binary_yesno__Breakup of a romantic relationship | binary_yesno__Insecurity of physical appearance | binary_yesno__Fear of communicating with new people | binary_yesno__Lack of money to meet basic needs | binary_yesno__Difficulty in maintaining a standard lifestyle | binary_yesno__Prefer to be alone mostly | binary_yesno__Social media monitoring | binary_yesno__Social media post review | binary_yesno__Unhappy feelings from social media | binary_yesno__Lack of personal space at home/ hostel | binary_yesno__Unsafe Residence | binary_yesno__Dissatisfied Neighborhood | binary_yesno__Experience social restrictions | binary_yesno__Dissatisfaction with living environment | binary_yesno__Physical abuse | binary_yesno__Verbal violence/ abuse | binary_yesno__Emotional violence/ abuse | binary_yesno__Sexual abuse | binary_yesno__Social violence/ abuse | binary_yesno__Pressure to meet family expectations | binary_yesno__Not achieving target/ expectation. | binary_yesno__Fear of not achieving life goals/ expectations | binary_other__Family Type | binary_other__Educational Institute Type | binary_other__Personality type | ordinal_3level__Participation in extracurricular activities | ordinal_3level__Play video-game | ordinal_3level__Participate in any sports. | ordinal_3level__Smoking cigarette | ordinal_3level__Smoking of marijuana/weed/ alcohol | ordinal_3level__Taking drugs or any other substance? | ordinal_3level__Falling sick frequently | ordinal_3level__Maintaining a balanced diet | ordinal_3level__Often sleep late at night. | ordinal_3level__Physical exercise/ Yoga | ordinal_3level__Religious practices | ordinal_3level__Often arguments/fights with friends | ordinal_3level__Bullied/ verbally abused by friends/ others | ordinal_3level__Cheated by friend | ordinal_3level__Abused/cheated by partner | ordinal_3level__Supportive friends | ordinal_3level__Biased Teacher | ordinal_3level__Insulted/ harassed by teacher | ordinal_3level__Inferiority in friendship | ordinal_3level__Often feels stressed | ordinal_3level__Deprived of deservation | ordinal_3level__Inferiority complex | ordinal_3level__Time spent on social media | ordinal_3level__Job Market Insecurity | ordinal_other__Socio economic status | ordinal_other__Academic Year | nominal__Gender_Female | nominal__Gender_Male | nominal__Residences Area_City | nominal__Residences Area_Town | nominal__Residences Area_Village | nominal__Marital status_Divorsed | nominal__Marital status_Married | nominal__Marital status_Unmarried | nominal__Various struggle to continue study_Family | nominal__Various struggle to continue study_Financial | nominal__Various struggle to continue study_Mental | nominal__Various struggle to continue study_No struggle | nominal__Various struggle to continue study_Physical | nominal__Educational qualification_Bachelor | nominal__Educational qualification_Diploma | nominal__Educational qualification_HSC | nominal__Educational qualification_MBBS | nominal__Educational qualification_Masters | nominal__Educational qualification_Others | numerical__Age
DASS-Depression,2,91,binary_yesno__Taking counseling | binary_yesno__Mental illness history in the family | binary_yesno__Death in the family | binary_yesno__Frequent arguments among parents | binary_yesno__Divorced family | binary_yesno__Too strict guardians | binary_yesno__Frequent conflicts with family members | binary_yesno__Addicted family member | binary_yesno__Traumatic childhood experience | binary_yesno__Quality relationship with family | binary_yesno__Emotionally supportive family | binary_yesno__Satisfied relationship with family | binary_yesno__Biased parents | binary_yesno__Family pressure on academic selection | binary_yesno__Frequent failure in exam | binary_yesno__Worried about academic failure | binary_yesno__Family pressure on performing well in exam | binary_yesno__Parental satisfaction with academic result | binary_yesno__Self-satisfaction with academic performances | binary_yesno__Pressure of academic competition | binary_yesno__Breakup of a romantic relationship | binary_yesno__Insecurity of physical appearance | binary_yesno__Fear of communicating with new people | binary_yesno__Lack of money to meet basic needs | binary_yesno__Difficulty in maintaining a standard lifestyle | binary_yesno__Prefer to be alone mostly | binary_yesno__Social media monitoring | binary_yesno__Social media post review | binary_yesno__Unhappy feelings from social media | binary_yesno__Lack of personal space at home/ hostel | binary_yesno__Unsafe Residence | binary_yesno__Dissatisfied Neighborhood | binary_yesno__Experience social restrictions | binary_yesno__Dissatisfaction with living environment | binary_yesno__Physical abuse | binary_yesno__Verbal violence/ abuse | binary_yesno__Emotional violence/ abuse | binary_yesno__Sexual abuse | binary_yesno__Social violence/ abuse | binary_yesno__Pressure to meet family expectations | binary_yesno__Not achieving target/ expectation. | binary_yesno__Fear of not achieving life goals/ expectations | binary_other__Family Type | binary_other__Educational Institute Type | binary_other__Personality type | ordinal_3level__Participation in extracurricular activities | ordinal_3level__Play video-game | ordinal_3level__Participate in any sports. | ordinal_3level__Smoking cigarette | ordinal_3level__Smoking of marijuana/weed/ alcohol | ordinal_3level__Taking drugs or any other substance? | ordinal_3level__Falling sick frequently | ordinal_3level__Maintaining a balanced diet | ordinal_3level__Often sleep late at night. | ordinal_3level__Physical exercise/ Yoga | ordinal_3level__Religious practices | ordinal_3level__Often arguments/fights with friends | ordinal_3level__Bullied/ verbally abused by friends/ others | ordinal_3level__Cheated by friend | ordinal_3level__Abused/cheated by partner | ordinal_3level__Supportive friends | ordinal_3level__Biased Teacher | ordinal_3level__Insulted/ harassed by teacher | ordinal_3level__Inferiority in friendship | ordinal_3level__Often feels stressed | ordinal_3level__Deprived of deservation | ordinal_3level__Inferiority complex | ordinal_3level__Time spent on social media | ordinal_3level__Job Market Insecurity | ordinal_other__Socio economic status | ordinal_other__Academic Year | nominal__Gender_Female | nominal__Gender_Male | nominal__Gender_Other | nominal__Residences Area_City | nominal__Residences Area_Town | nominal__Residences Area_Village | nominal__Marital status_Married | nominal__Marital status_Unmarried | nominal__Various struggle to continue study_Family | nominal__Various struggle to continue study_Financial | nominal__Various struggle to continue study_Mental | nominal__Various struggle to continue study_No struggle | nominal__Various struggle to continue study_Physical | nominal__Educational qualification_Bachelor | nominal__Educational qualification_Diploma | nominal__Educational qualification_HSC | nominal__Educational qualification_MBBS | nominal__Educational qualification_Masters | nominal__Educational qualification_Others | numerical__Age
DASS-Depression,3,91,binary_yesno__Taking counseling | binary_yesno__Mental illness history in the family | binary_yesno__Death in the family | binary_yesno__Frequent arguments among parents | binary_yesno__Divorced family | binary_yesno__Too strict guardians | binary_yesno__Frequent conflicts with family members | binary_yesno__Addicted family member | binary_yesno__Traumatic childhood experience | binary_yesno__Quality relationship with family | binary_yesno__Emotionally supportive family | binary_yesno__Satisfied relationship with family | binary_yesno__Biased parents | binary_yesno__Family pressure on academic selection | binary_yesno__Frequent failure in exam | binary_yesno__Worried about academic failure | binary_yesno__Family pressure on performing well in exam | binary_yesno__Parental satisfaction with academic result | binary_yesno__Self-satisfaction with academic performances | binary_yesno__Pressure of academic competition | binary_yesno__Breakup of a romantic relationship | binary_yesno__Insecurity of physical appearance | binary_yesno__Fear of communicating with new people | binary_yesno__Lack of money to meet basic needs | binary_yesno__Difficulty in maintaining a standard lifestyle | binary_yesno__Prefer to be alone mostly | binary_yesno__Social media monitoring | binary_yesno__Social media post review | binary_yesno__Unhappy feelings from social media | binary_yesno__Lack of personal space at home/ hostel | binary_yesno__Unsafe Residence | binary_yesno__Dissatisfied Neighborhood | binary_yesno__Experience social restrictions | binary_yesno__Dissatisfaction with living environment | binary_yesno__Physical abuse | binary_yesno__Verbal violence/ abuse | binary_yesno__Emotional violence/ abuse | binary_yesno__Sexual abuse | binary_yesno__Social violence/ abuse | binary_yesno__Pressure to meet family expectations | binary_yesno__Not achieving target/ expectation. | binary_yesno__Fear of not achieving life goals/ expectations | binary_other__Family Type | binary_other__Educational Institute Type | binary_other__Personality type | ordinal_3level__Participation in extracurricular activities | ordinal_3level__Play video-game | ordinal_3level__Participate in any sports. | ordinal_3level__Smoking cigarette | ordinal_3level__Smoking of marijuana/weed/ alcohol | ordinal_3level__Taking drugs or any other substance? | ordinal_3level__Falling sick frequently | ordinal_3level__Maintaining a balanced diet | ordinal_3level__Often sleep late at night. | ordinal_3level__Physical exercise/ Yoga | ordinal_3level__Religious practices | ordinal_3level__Often arguments/fights with friends | ordinal_3level__Bullied/ verbally abused by friends/ others | ordinal_3level__Cheated by friend | ordinal_3level__Abused/cheated by partner | ordinal_3level__Supportive friends | ordinal_3level__Biased Teacher | ordinal_3level__Insulted/ harassed by teacher | ordinal_3level__Inferiority in friendship | ordinal_3level__Often feels stressed | ordinal_3level__Deprived of deservation | ordinal_3level__Inferiority complex | ordinal_3level__Time spent on social media | ordinal_3level__Job Market Insecurity | ordinal_other__Socio economic status | ordinal_other__Academic Year | nominal__Gender_Female | nominal__Gender_Male | nominal__Gender_Other | nominal__Residences Area_City | nominal__Residences Area_Town | nominal__Residences Area_Village | nominal__Marital status_Divorsed | nominal__Marital status_Married | nominal__Marital status_Unmarried | nominal__Various struggle to continue study_Family | nominal__Various struggle to continue study_Financial | nominal__Various struggle to continue study_Mental | nominal__Various struggle to continue study_No struggle | nominal__Various struggle to continue study_Physical | nominal__Educational qualification_Bachelor | nominal__Educational qualification_Diploma | nominal__Educational qualification_HSC | nominal__Educational qualification_Masters | nominal__Educational qualification_Others | numerical__Age
DASS-Depression,4,92,binary_yesno__Taking counseling | binary_yesno__Mental illness history in the family | binary_yesno__Death in the family | binary_yesno__Frequent arguments among parents | binary_yesno__Divorced family | binary_yesno__Too strict guardians | binary_yesno__Frequent conflicts with family members | binary_yesno__Addicted family member | binary_yesno__Traumatic childhood experience | binary_yesno__Quality relationship with family | binary_yesno__Emotionally supportive family | binary_yesno__Satisfied relationship with family | binary_yesno__Biased parents | binary_yesno__Family pressure on academic selection | binary_yesno__Frequent failure in exam | binary_yesno__Worried about academic failure | binary_yesno__Family pressure on performing well in exam | binary_yesno__Parental satisfaction with academic result | binary_yesno__Self-satisfaction with academic performances | binary_yesno__Pressure of academic competition | binary_yesno__Breakup of a romantic relationship | binary_yesno__Insecurity of physical appearance | binary_yesno__Fear of communicating with new people | binary_yesno__Lack of money to meet basic needs | binary_yesno__Difficulty in maintaining a standard lifestyle | binary_yesno__Prefer to be alone mostly | binary_yesno__Social media monitoring | binary_yesno__Social media post review | binary_yesno__Unhappy feelings from social media | binary_yesno__Lack of personal space at home/ hostel | binary_yesno__Unsafe Residence | binary_yesno__Dissatisfied Neighborhood | binary_yesno__Experience social restrictions | binary_yesno__Dissatisfaction with living environment | binary_yesno__Physical abuse | binary_yesno__Verbal violence/ abuse | binary_yesno__Emotional violence/ abuse | binary_yesno__Sexual abuse | binary_yesno__Social violence/ abuse | binary_yesno__Pressure to meet family expectations | binary_yesno__Not achieving target/ expectation. | binary_yesno__Fear of not achieving life goals/ expectations | binary_other__Family Type | binary_other__Educational Institute Type | binary_other__Personality type | ordinal_3level__Participation in extracurricular activities | ordinal_3level__Play video-game | ordinal_3level__Participate in any sports. | ordinal_3level__Smoking cigarette | ordinal_3level__Smoking of marijuana/weed/ alcohol | ordinal_3level__Taking drugs or any other substance? | ordinal_3level__Falling sick frequently | ordinal_3level__Maintaining a balanced diet | ordinal_3level__Often sleep late at night. | ordinal_3level__Physical exercise/ Yoga | ordinal_3level__Religious practices | ordinal_3level__Often arguments/fights with friends | ordinal_3level__Bullied/ verbally abused by friends/ others | ordinal_3level__Cheated by friend | ordinal_3level__Abused/cheated by partner | ordinal_3level__Supportive friends | ordinal_3level__Biased Teacher | ordinal_3level__Insulted/ harassed by teacher | ordinal_3level__Inferiority in friendship | ordinal_3level__Often feels stressed | ordinal_3level__Deprived of deservation | ordinal_3level__Inferiority complex | ordinal_3level__Time spent on social media | ordinal_3level__Job Market Insecurity | ordinal_other__Socio economic status | ordinal_other__Academic Year | nominal__Gender_Female | nominal__Gender_Male | nominal__Gender_Other | nominal__Residences Area_City | nominal__Residences Area_Town | nominal__Residences Area_Village | nominal__Marital status_Divorsed | nominal__Marital status_Married | nominal__Marital status_Unmarried | nominal__Various struggle to continue study_Family | nominal__Various struggle to continue study_Financial | nominal__Various struggle to continue study_Mental | nominal__Various struggle to continue study_No struggle | nominal__Various struggle to continue study_Physical | nominal__Educational qualification_Bachelor | nominal__Educational qualification_Diploma | nominal__Educational qualification_HSC | nominal__Educational qualification_MBBS | nominal__Educational qualification_Masters | nominal__Educational qualification_Others | numerical__Age
DASS-Depression,5,92,binary_yesno__Taking counseling | binary_yesno__Mental illness history in the family | binary_yesno__Death in the family | binary_yesno__Frequent arguments among parents | binary_yesno__Divorced family | binary_yesno__Too strict guardians | binary_yesno__Frequent conflicts with family members | binary_yesno__Addicted family member | binary_yesno__Traumatic childhood experience | binary_yesno__Quality relationship with family | binary_yesno__Emotionally supportive family | binary_yesno__Satisfied relationship with family | binary_yesno__Biased parents | binary_yesno__Family pressure on academic selection | binary_yesno__Frequent failure in exam | binary_yesno__Worried about academic failure | binary_yesno__Family pressure on performing well in exam | binary_yesno__Parental satisfaction with academic result | binary_yesno__Self-satisfaction with academic performances | binary_yesno__Pressure of academic competition | binary_yesno__Breakup of a romantic relationship | binary_yesno__Insecurity of physical appearance | binary_yesno__Fear of communicating with new people | binary_yesno__Lack of money to meet basic needs | binary_yesno__Difficulty in maintaining a standard lifestyle | binary_yesno__Prefer to be alone mostly | binary_yesno__Social media monitoring | binary_yesno__Social media post review | binary_yesno__Unhappy feelings from social media | binary_yesno__Lack of personal space at home/ hostel | binary_yesno__Unsafe Residence | binary_yesno__Dissatisfied Neighborhood | binary_yesno__Experience social restrictions | binary_yesno__Dissatisfaction with living environment | binary_yesno__Physical abuse | binary_yesno__Verbal violence/ abuse | binary_yesno__Emotional violence/ abuse | binary_yesno__Sexual abuse | binary_yesno__Social violence/ abuse | binary_yesno__Pressure to meet family expectations | binary_yesno__Not achieving target/ expectation. | binary_yesno__Fear of not achieving life goals/ expectations | binary_other__Family Type | binary_other__Educational Institute Type | binary_other__Personality type | ordinal_3level__Participation in extracurricular activities | ordinal_3level__Play video-game | ordinal_3level__Participate in any sports. | ordinal_3level__Smoking cigarette | ordinal_3level__Smoking of marijuana/weed/ alcohol | ordinal_3level__Taking drugs or any other substance? | ordinal_3level__Falling sick frequently | ordinal_3level__Maintaining a balanced diet | ordinal_3level__Often sleep late at night. | ordinal_3level__Physical exercise/ Yoga | ordinal_3level__Religious practices | ordinal_3level__Often arguments/fights with friends | ordinal_3level__Bullied/ verbally abused by friends/ others | ordinal_3level__Cheated by friend | ordinal_3level__Abused/cheated by partner | ordinal_3level__Supportive friends | ordinal_3level__Biased Teacher | ordinal_3level__Insulted/ harassed by teacher | ordinal_3level__Inferiority in friendship | ordinal_3level__Often feels stressed | ordinal_3level__Deprived of deservation | ordinal_3level__Inferiority complex | ordinal_3level__Time spent on social media | ordinal_3level__Job Market Insecurity | ordinal_other__Socio economic status | ordinal_other__Academic Year | nominal__Gender_Female | nominal__Gender_Male | nominal__Gender_Other | nominal__Residences Area_City | nominal__Residences Area_Town | nominal__Residences Area_Village | nominal__Marital status_Divorsed | nominal__Marital status_Married | nominal__Marital status_Unmarried | nominal__Various struggle to continue study_Family | nominal__Various struggle to continue study_Financial | nominal__Various struggle to continue study_Mental | nominal__Various struggle to continue study_No struggle | nominal__Various struggle to continue study_Physical | nominal__Educational qualification_Bachelor | nominal__Educational qualification_Diploma | nominal__Educational qualification_HSC | nominal__Educational qualification_MBBS | nominal__Educational qualification_Masters | nominal__Educational qualification_Others | numerical__Age
