Target,Model,Macro_F1_Mean,Macro_F1_STD,Balanced_Accuracy_Mean,Balanced_Accuracy_STD,Ordinal_MAE_Mean,Ordinal_MAE_STD
DASS_Stress,Logistic Regression,0.368914382170729,0.04411326180849164,0.3983096903096904,0.03711126619201978,0.7227272727272728,0.08139092990668176
DASS_Stress,Random Forest,0.36672288489033605,0.058073831653306936,0.36855544455544453,0.055238440191878416,0.5590909090909091,0.04502639262763399
DASS_Stress,Extra Trees,0.2389544838964623,0.06295162776329712,0.2625487845487845,0.0533912417701402,0.6045454545454545,0.06837094980223328
DASS-Anxiety,Logistic Regression,0.3187979356231253,0.05934137850366737,0.33365669497248446,0.06619269948131618,1.1477272727272727,0.10258789821174878
DASS-Anxiety,Random Forest,0.3156118271742365,0.062027982792398066,0.34374456206035153,0.06423197098854745,1.0045454545454546,0.17207562483151712
DASS-Anxiety,Extra Trees,0.30403664227427096,0.07451944883811801,0.33281588902641535,0.06447486805667178,1.0318181818181817,0.18488185863651566
DASS-Depression,Logistic Regression,0.3314173655999474,0.04500256361279809,0.33387308626333023,0.040342697469377804,0.9545454545454545,0.11220691851211079
DASS-Depression,Random Forest,0.38197260323224763,0.01950367189883589,0.3936198923028192,0.024293368939556362,0.7863636363636364,0.0985431063121764
DASS-Depression,Extra Trees,0.29594719436253547,0.028828360636977527,0.32046225319396054,0.03229071442538835,0.8886363636363637,0.10702349707246456
