Target,Model,True_Class,Predicted_Class,Count
DASS_Stress,Logistic Regression,0,0,181
DASS_Stress,Logistic Regression,0,1,42
DASS_Stress,Logistic Regression,0,2,32
DASS_Stress,Logistic Regression,0,3,18
DASS_Stress,Logistic Regression,0,4,2
DASS_Stress,Logistic Regression,1,0,18
DASS_Stress,Logistic Regression,1,1,19
DASS_Stress,Logistic Regression,1,2,13
DASS_Stress,Logistic Regression,1,3,3
DASS_Stress,Logistic Regression,1,4,2
DASS_Stress,Logistic Regression,2,0,10
DASS_Stress,Logistic Regression,2,1,18
DASS_Stress,Logistic Regression,2,2,18
DASS_Stress,Logistic Regression,2,3,12
DASS_Stress,Logistic Regression,2,4,3
DASS_Stress,Logistic Regression,3,0,2
DASS_Stress,Logistic Regression,3,1,8
DASS_Stress,Logistic Regression,3,2,8
DASS_Stress,Logistic Regression,3,3,16
DASS_Stress,Logistic Regression,3,4,1
DASS_Stress,Logistic Regression,4,0,0
DASS_Stress,Logistic Regression,4,1,1
DASS_Stress,Logistic Regression,4,2,7
DASS_Stress,Logistic Regression,4,3,3
DASS_Stress,Logistic Regression,4,4,3
DASS_Stress,Random Forest,0,0,228
DASS_Stress,Random Forest,0,1,22
DASS_Stress,Random Forest,0,2,21
DASS_Stress,Random Forest,0,3,4
DASS_Stress,Random Forest,0,4,0
DASS_Stress,Random Forest,1,0,27
DASS_Stress,Random Forest,1,1,10
DASS_Stress,Random Forest,1,2,14
DASS_Stress,Random Forest,1,3,4
DASS_Stress,Random Forest,1,4,0
DASS_Stress,Random Forest,2,0,16
DASS_Stress,Random Forest,2,1,10
DASS_Stress,Random Forest,2,2,23
DASS_Stress,Random Forest,2,3,9
DASS_Stress,Random Forest,2,4,3
DASS_Stress,Random Forest,3,0,4
DASS_Stress,Random Forest,3,1,6
DASS_Stress,Random Forest,3,2,15
DASS_Stress,Random Forest,3,3,10
DASS_Stress,Random Forest,3,4,0
DASS_Stress,Random Forest,4,0,1
DASS_Stress,Random Forest,4,1,1
DASS_Stress,Random Forest,4,2,8
DASS_Stress,Random Forest,4,3,2
DASS_Stress,Random Forest,4,4,2
DASS_Stress,Extra Trees,0,0,271
DASS_Stress,Extra Trees,0,1,0
DASS_Stress,Extra Trees,0,2,3
DASS_Stress,Extra Trees,0,3,1
DASS_Stress,Extra Trees,0,4,0
DASS_Stress,Extra Trees,1,0,50
DASS_Stress,Extra Trees,1,1,0
DASS_Stress,Extra Trees,1,2,3
DASS_Stress,Extra Trees,1,3,2
DASS_Stress,Extra Trees,1,4,0
DASS_Stress,Extra Trees,2,0,48
DASS_Stress,Extra Trees,2,1,0
DASS_Stress,Extra Trees,2,2,6
DASS_Stress,Extra Trees,2,3,6
DASS_Stress,Extra Trees,2,4,1
DASS_Stress,Extra Trees,3,0,18
DASS_Stress,Extra Trees,3,1,2
DASS_Stress,Extra Trees,3,2,7
DASS_Stress,Extra Trees,3,3,8
DASS_Stress,Extra Trees,3,4,0
DASS_Stress,Extra Trees,4,0,3
DASS_Stress,Extra Trees,4,1,0
DASS_Stress,Extra Trees,4,2,8
DASS_Stress,Extra Trees,4,3,3
DASS_Stress,Extra Trees,4,4,0
DASS-Anxiety,Logistic Regression,0,0,94
DASS-Anxiety,Logistic Regression,0,1,27
DASS-Anxiety,Logistic Regression,0,2,32
DASS-Anxiety,Logistic Regression,0,3,26
DASS-Anxiety,Logistic Regression,0,4,10
DASS-Anxiety,Logistic Regression,1,0,8
DASS-Anxiety,Logistic Regression,1,1,7
DASS-Anxiety,Logistic Regression,1,2,11
DASS-Anxiety,Logistic Regression,1,3,4
DASS-Anxiety,Logistic Regression,1,4,7
DASS-Anxiety,Logistic Regression,2,0,23
DASS-Anxiety,Logistic Regression,2,1,18
DASS-Anxiety,Logistic Regression,2,2,20
DASS-Anxiety,Logistic Regression,2,3,12
DASS-Anxiety,Logistic Regression,2,4,18
DASS-Anxiety,Logistic Regression,3,0,10
DASS-Anxiety,Logistic Regression,3,1,12
DASS-Anxiety,Logistic Regression,3,2,9
DASS-Anxiety,Logistic Regression,3,3,12
DASS-Anxiety,Logistic Regression,3,4,10
DASS-Anxiety,Logistic Regression,4,0,4
DASS-Anxiety,Logistic Regression,4,1,5
DASS-Anxiety,Logistic Regression,4,2,9
DASS-Anxiety,Logistic Regression,4,3,14
DASS-Anxiety,Logistic Regression,4,4,38
DASS-Anxiety,Random Forest,0,0,136
DASS-Anxiety,Random Forest,0,1,4
DASS-Anxiety,Random Forest,0,2,32
DASS-Anxiety,Random Forest,0,3,5
DASS-Anxiety,Random Forest,0,4,12
DASS-Anxiety,Random Forest,1,0,15
DASS-Anxiety,Random Forest,1,1,0
DASS-Anxiety,Random Forest,1,2,13
DASS-Anxiety,Random Forest,1,3,3
DASS-Anxiety,Random Forest,1,4,6
DASS-Anxiety,Random Forest,2,0,38
DASS-Anxiety,Random Forest,2,1,4
DASS-Anxiety,Random Forest,2,2,26
DASS-Anxiety,Random Forest,2,3,5
DASS-Anxiety,Random Forest,2,4,18
DASS-Anxiety,Random Forest,3,0,17
DASS-Anxiety,Random Forest,3,1,2
DASS-Anxiety,Random Forest,3,2,13
DASS-Anxiety,Random Forest,3,3,3
DASS-Anxiety,Random Forest,3,4,18
DASS-Anxiety,Random Forest,4,0,5
DASS-Anxiety,Random Forest,4,1,1
DASS-Anxiety,Random Forest,4,2,11
DASS-Anxiety,Random Forest,4,3,7
DASS-Anxiety,Random Forest,4,4,46
DASS-Anxiety,Extra Trees,0,0,166
DASS-Anxiety,Extra Trees,0,1,1
DASS-Anxiety,Extra Trees,0,2,12
DASS-Anxiety,Extra Trees,0,3,1
DASS-Anxiety,Extra Trees,0,4,9
DASS-Anxiety,Extra Trees,1,0,28
DASS-Anxiety,Extra Trees,1,1,0
DASS-Anxiety,Extra Trees,1,2,6
DASS-Anxiety,Extra Trees,1,3,0
DASS-Anxiety,Extra Trees,1,4,3
DASS-Anxiety,Extra Trees,2,0,67
DASS-Anxiety,Extra Trees,2,1,0
DASS-Anxiety,Extra Trees,2,2,13
DASS-Anxiety,Extra Trees,2,3,1
DASS-Anxiety,Extra Trees,2,4,10
DASS-Anxiety,Extra Trees,3,0,27
DASS-Anxiety,Extra Trees,3,1,0
DASS-Anxiety,Extra Trees,3,2,9
DASS-Anxiety,Extra Trees,3,3,3
DASS-Anxiety,Extra Trees,3,4,14
DASS-Anxiety,Extra Trees,4,0,17
DASS-Anxiety,Extra Trees,4,1,0
DASS-Anxiety,Extra Trees,4,2,8
DASS-Anxiety,Extra Trees,4,3,4
DASS-Anxiety,Extra Trees,4,4,41
DASS-Depression,Logistic Regression,0,0,126
DASS-Depression,Logistic Regression,0,1,28
DASS-Depression,Logistic Regression,0,2,34
DASS-Depression,Logistic Regression,0,3,12
DASS-Depression,Logistic Regression,0,4,6
DASS-Depression,Logistic Regression,1,0,12
DASS-Depression,Logistic Regression,1,1,10
DASS-Depression,Logistic Regression,1,2,15
DASS-Depression,Logistic Regression,1,3,6
DASS-Depression,Logistic Regression,1,4,9
DASS-Depression,Logistic Regression,2,0,24
DASS-Depression,Logistic Regression,2,1,23
DASS-Depression,Logistic Regression,2,2,33
DASS-Depression,Logistic Regression,2,3,12
DASS-Depression,Logistic Regression,2,4,9
DASS-Depression,Logistic Regression,3,0,4
DASS-Depression,Logistic Regression,3,1,7
DASS-Depression,Logistic Regression,3,2,9
DASS-Depression,Logistic Regression,3,3,5
DASS-Depression,Logistic Regression,3,4,6
DASS-Depression,Logistic Regression,4,0,2
DASS-Depression,Logistic Regression,4,1,5
DASS-Depression,Logistic Regression,4,2,9
DASS-Depression,Logistic Regression,4,3,15
DASS-Depression,Logistic Regression,4,4,19
DASS-Depression,Random Forest,0,0,158
DASS-Depression,Random Forest,0,1,6
DASS-Depression,Random Forest,0,2,33
DASS-Depression,Random Forest,0,3,3
DASS-Depression,Random Forest,0,4,6
DASS-Depression,Random Forest,1,0,16
DASS-Depression,Random Forest,1,1,9
DASS-Depression,Random Forest,1,2,18
DASS-Depression,Random Forest,1,3,3
DASS-Depression,Random Forest,1,4,6
DASS-Depression,Random Forest,2,0,29
DASS-Depression,Random Forest,2,1,4
DASS-Depression,Random Forest,2,2,51
DASS-Depression,Random Forest,2,3,6
DASS-Depression,Random Forest,2,4,11
DASS-Depression,Random Forest,3,0,3
DASS-Depression,Random Forest,3,1,5
DASS-Depression,Random Forest,3,2,15
DASS-Depression,Random Forest,3,3,0
DASS-Depression,Random Forest,3,4,8
DASS-Depression,Random Forest,4,0,2
DASS-Depression,Random Forest,4,1,2
DASS-Depression,Random Forest,4,2,17
DASS-Depression,Random Forest,4,3,3
DASS-Depression,Random Forest,4,4,26
DASS-Depression,Extra Trees,0,0,180
DASS-Depression,Extra Trees,0,1,1
DASS-Depression,Extra Trees,0,2,21
DASS-Depression,Extra Trees,0,3,0
DASS-Depression,Extra Trees,0,4,4
DASS-Depression,Extra Trees,1,0,34
DASS-Depression,Extra Trees,1,1,0
DASS-Depression,Extra Trees,1,2,13
DASS-Depression,Extra Trees,1,3,1
DASS-Depression,Extra Trees,1,4,4
DASS-Depression,Extra Trees,2,0,58
DASS-Depression,Extra Trees,2,1,1
DASS-Depression,Extra Trees,2,2,31
DASS-Depression,Extra Trees,2,3,1
DASS-Depression,Extra Trees,2,4,10
DASS-Depression,Extra Trees,3,0,11
DASS-Depression,Extra Trees,3,1,1
DASS-Depression,Extra Trees,3,2,14
DASS-Depression,Extra Trees,3,3,0
DASS-Depression,Extra Trees,3,4,5
DASS-Depression,Extra Trees,4,0,11
DASS-Depression,Extra Trees,4,1,1
DASS-Depression,Extra Trees,4,2,15
DASS-Depression,Extra Trees,4,3,2
DASS-Depression,Extra Trees,4,4,21
