Target,Model,Fold,Macro_F1,Balanced_Accuracy,Ordinal_MAE
DASS_Stress,Logistic Regression,1,0.32501672240802676,0.35290043290043294,0.8522727272727273
DASS_Stress,Logistic Regression,2,0.3377712184971713,0.3832034632034632,0.7045454545454546
DASS_Stress,Logistic Regression,3,0.4351111111111111,0.4527705627705628,0.6363636363636364
DASS_Stress,Logistic Regression,4,0.3885991678224688,0.4121645021645022,0.6818181818181818
DASS_Stress,Logistic Regression,5,0.35807369101486747,0.39050949050949046,0.7386363636363636
DASS_Stress,Random Forest,1,0.30653846153846154,0.3129004329004329,0.6136363636363636
DASS_Stress,Random Forest,2,0.39751856705985145,0.37705627705627703,0.5340909090909091
DASS_Stress,Random Forest,3,0.39656565656565657,0.406017316017316,0.5
DASS_Stress,Random Forest,4,0.3031356031356031,0.3118181818181818,0.5568181818181818
DASS_Stress,Random Forest,5,0.4298561361521075,0.434985014985015,0.5909090909090909
DASS_Stress,Extra Trees,1,0.2592181240502832,0.2795670995670996,0.625
DASS_Stress,Extra Trees,2,0.18725060827250609,0.21666666666666665,0.6704545454545454
DASS_Stress,Extra Trees,3,0.2825174825174825,0.2868398268398268,0.5568181818181818
DASS_Stress,Extra Trees,4,0.15942028985507245,0.2,0.6590909090909091
DASS_Stress,Extra Trees,5,0.3063659147869674,0.32967032967032966,0.5113636363636364
DASS-Anxiety,Logistic Regression,1,0.30023917259211375,0.30489861016176806,1.125
DASS-Anxiety,Logistic Regression,2,0.26760635623873497,0.28681552365762897,1.3181818181818181
DASS-Anxiety,Logistic Regression,3,0.2641328039119063,0.26730462519936204,1.1477272727272727
DASS-Anxiety,Logistic Regression,4,0.366993006993007,0.40095238095238095,1.1022727272727273
DASS-Anxiety,Logistic Regression,5,0.3950183383798647,0.40831233489128227,1.0454545454545454
DASS-Anxiety,Random Forest,1,0.2886661097187413,0.3023391812865497,0.9659090909090909
DASS-Anxiety,Random Forest,2,0.23363356053229473,0.2680868838763576,1.2272727272727273
DASS-Anxiety,Random Forest,3,0.32605534105534106,0.35552517657780813,1.0340909090909092
DASS-Anxiety,Random Forest,4,0.32621848739495796,0.3552548036758563,1.0454545454545454
DASS-Anxiety,Random Forest,5,0.4034856371698477,0.437516764885186,0.75
DASS-Anxiety,Extra Trees,1,0.265023835716905,0.30116959064327486,1.1363636363636365
DASS-Anxiety,Extra Trees,2,0.20515734265734267,0.24569757727652464,1.2386363636363635
DASS-Anxiety,Extra Trees,3,0.31257142857142856,0.3426596795017848,1.0568181818181819
DASS-Anxiety,Extra Trees,4,0.333544452263664,0.35558897243107773,0.9772727272727273
DASS-Anxiety,Extra Trees,5,0.40388615216201423,0.4189636252794148,0.75
DASS-Depression,Logistic Regression,1,0.3175020885547201,0.31988913525498897,0.9545454545454546
DASS-Depression,Logistic Regression,2,0.37552941176470594,0.3765262379896527,0.8636363636363636
DASS-Depression,Logistic Regression,3,0.32527670527670527,0.3328571428571429,1.0227272727272727
DASS-Depression,Logistic Regression,4,0.37246642246642253,0.36538908246225316,0.8295454545454546
DASS-Depression,Logistic Regression,5,0.2663121999371831,0.27470383275261323,1.1022727272727273
DASS-Depression,Random Forest,1,0.3769116024537711,0.39915742793791575,0.7613636363636364
DASS-Depression,Random Forest,2,0.4144820295983087,0.42733924611973395,0.7840909090909091
DASS-Depression,Random Forest,3,0.36253520892246127,0.36809523809523814,0.9431818181818182
DASS-Depression,Random Forest,4,0.3741463723462626,0.37180023228803716,0.6704545454545454
DASS-Depression,Random Forest,5,0.3817878028404344,0.40170731707317076,0.7727272727272727
DASS-Depression,Extra Trees,1,0.3101480111008325,0.34560975609756095,0.7840909090909091
DASS-Depression,Extra Trees,2,0.3069725596041385,0.33536585365853655,0.875
DASS-Depression,Extra Trees,3,0.24643994601889338,0.2671428571428571,1.0681818181818181
DASS-Depression,Extra Trees,4,0.2967889908256881,0.3132171893147503,0.875
DASS-Depression,Extra Trees,5,0.31938646426312467,0.3409756097560976,0.8409090909090909
