Target,Model,Outer_Fold,Best_Inner_Macro_F1,Macro_F1,Balanced_Accuracy,Ordinal_MAE,Best_Parameters
DASS_Stress,Logistic Regression,1,0.40746119422925803,0.30521205927439954,0.30813852813852816,0.7727272727272727,"{""C"": 0.01, ""class_weight"": ""balanced"", ""penalty"": ""l2"", ""solver"": ""lbfgs""}"
DASS_Stress,Logistic Regression,2,0.3877021262184337,0.3620799818737963,0.38155844155844154,0.6590909090909091,"{""C"": 0.05, ""class_weight"": ""balanced"", ""penalty"": ""l2"", ""solver"": ""lbfgs""}"
DASS_Stress,Logistic Regression,3,0.33773094909360957,0.4096752794575774,0.4354978354978355,0.5340909090909091,"{""C"": 1.0, ""class_weight"": null, ""penalty"": ""l2"", ""solver"": ""lbfgs""}"
DASS_Stress,Logistic Regression,4,0.33612514731166315,0.4153398058252427,0.4309523809523809,0.6363636363636364,"{""C"": 0.1, ""class_weight"": ""balanced"", ""penalty"": ""l2"", ""solver"": ""lbfgs""}"
DASS_Stress,Logistic Regression,5,0.38371687814809974,0.38529006085192696,0.42127872127872124,0.7272727272727273,"{""C"": 1.0, ""class_weight"": ""balanced"", ""penalty"": ""l2"", ""solver"": ""lbfgs""}"
DASS_Stress,Random Forest,1,0.45122147269213664,0.3281446540880503,0.32857142857142857,0.5909090909090909,"{""class_weight"": ""balanced"", ""max_depth"": null, ""max_features"": ""log2"", ""min_samples_leaf"": 1, ""min_samples_split"": 10, ""n_estimators"": 200}"
DASS_Stress,Random Forest,2,0.4457840701943023,0.32698886873644156,0.33632034632034635,0.5909090909090909,"{""class_weight"": ""balanced"", ""max_depth"": 6, ""max_features"": ""log2"", ""min_samples_leaf"": 1, ""min_samples_split"": 2, ""n_estimators"": 400}"
DASS_Stress,Random Forest,3,0.43149210971596214,0.36945054945054945,0.36904761904761907,0.5909090909090909,"{""class_weight"": ""balanced_subsample"", ""max_depth"": 6, ""max_features"": ""sqrt"", ""min_samples_leaf"": 4, ""min_samples_split"": 10, ""n_estimators"": 200}"
DASS_Stress,Random Forest,4,0.4059949629274557,0.33845201689238386,0.3186580086580087,0.6931818181818182,"{""class_weight"": ""balanced_subsample"", ""max_depth"": 4, ""max_features"": ""sqrt"", ""min_samples_leaf"": 4, ""min_samples_split"": 2, ""n_estimators"": 200}"
DASS_Stress,Random Forest,5,0.39208313979581666,0.32132615356569416,0.422977022977023,0.7159090909090909,"{""class_weight"": ""balanced_subsample"", ""max_depth"": 6, ""max_features"": ""sqrt"", ""min_samples_leaf"": 1, ""min_samples_split"": 10, ""n_estimators"": 200}"
DASS-Anxiety,Logistic Regression,1,0.3320942513604685,0.3018573445724956,0.3080732133363713,1.0227272727272727,"{""C"": 0.01, ""class_weight"": ""balanced"", ""penalty"": ""l2"", ""solver"": ""lbfgs""}"
DASS-Anxiety,Logistic Regression,2,0.33729081132136773,0.28826506826506826,0.29553429027113237,1.2840909090909092,"{""C"": 5.0, ""class_weight"": null, ""penalty"": ""l2"", ""solver"": ""lbfgs""}"
DASS-Anxiety,Logistic Regression,3,0.34833121799182926,0.27697325505544684,0.2867167919799499,1.2386363636363635,"{""C"": 0.05, ""class_weight"": ""balanced"", ""penalty"": ""l2"", ""solver"": ""lbfgs""}"
DASS-Anxiety,Logistic Regression,4,0.3054162168289006,0.3432785726903374,0.36724310776942354,1.0113636363636365,"{""C"": 0.1, ""class_weight"": ""balanced"", ""penalty"": ""l2"", ""solver"": ""lbfgs""}"
DASS-Anxiety,Logistic Regression,5,0.3129900689661366,0.3698245614035088,0.3725787441576915,1.0227272727272727,"{""C"": 0.5, ""class_weight"": null, ""penalty"": ""l2"", ""solver"": ""lbfgs""}"
DASS-Anxiety,Random Forest,1,0.35892531480845163,0.24719004719004717,0.26282372598162074,1.1136363636363635,"{""class_weight"": ""balanced"", ""max_depth"": 4, ""max_features"": ""log2"", ""min_samples_leaf"": 4, ""min_samples_split"": 10, ""n_estimators"": 200}"
DASS-Anxiety,Random Forest,2,0.3839176387353936,0.26828264496141085,0.29002810055441636,1.1022727272727273,"{""class_weight"": ""balanced"", ""max_depth"": 6, ""max_features"": ""log2"", ""min_samples_leaf"": 4, ""min_samples_split"": 2, ""n_estimators"": 400}"
DASS-Anxiety,Random Forest,3,0.36313377142987086,0.3136475869809203,0.33438900281005546,1.1477272727272727,"{""class_weight"": ""balanced"", ""max_depth"": 4, ""max_features"": ""log2"", ""min_samples_leaf"": 2, ""min_samples_split"": 2, ""n_estimators"": 200}"
DASS-Anxiety,Random Forest,4,0.33793136237020044,0.32166800872683227,0.3409690893901421,1.0,"{""class_weight"": ""balanced"", ""max_depth"": 8, ""max_features"": ""sqrt"", ""min_samples_leaf"": 2, ""min_samples_split"": 2, ""n_estimators"": 200}"
DASS-Anxiety,Random Forest,5,0.31957572798593564,0.3678934817170111,0.4161552529973583,0.7386363636363636,"{""class_weight"": ""balanced_subsample"", ""max_depth"": null, ""max_features"": ""log2"", ""min_samples_leaf"": 1, ""min_samples_split"": 10, ""n_estimators"": 200}"
DASS-Depression,Logistic Regression,1,0.3626800302287621,0.31242784380305605,0.3417073170731707,0.9545454545454546,"{""C"": 0.1, ""class_weight"": ""balanced"", ""penalty"": ""l2"", ""solver"": ""lbfgs""}"
DASS-Depression,Logistic Regression,2,0.3260742351081562,0.32717717341005015,0.3318920916481892,0.9886363636363636,"{""C"": 0.1, ""class_weight"": ""balanced"", ""penalty"": ""l2"", ""solver"": ""lbfgs""}"
DASS-Depression,Logistic Regression,3,0.33268706835629747,0.34343789543789544,0.3557142857142857,1.0568181818181819,"{""C"": 0.1, ""class_weight"": ""balanced"", ""penalty"": ""l2"", ""solver"": ""lbfgs""}"
DASS-Depression,Logistic Regression,4,0.3651365590624616,0.3363241436925647,0.33658536585365856,0.9886363636363636,"{""C"": 10.0, ""class_weight"": ""balanced"", ""penalty"": ""l2"", ""solver"": ""lbfgs""}"
DASS-Depression,Logistic Regression,5,0.31765135101887115,0.38562372955561813,0.40790940766550526,0.8636363636363636,"{""C"": 0.05, ""class_weight"": ""balanced"", ""penalty"": ""l2"", ""solver"": ""lbfgs""}"
DASS-Depression,Random Forest,1,0.4286164621601522,0.35930356688977383,0.3847671840354767,0.875,"{""class_weight"": ""balanced"", ""max_depth"": 8, ""max_features"": ""sqrt"", ""min_samples_leaf"": 1, ""min_samples_split"": 10, ""n_estimators"": 200}"
DASS-Depression,Random Forest,2,0.352578120843942,0.38429051113045637,0.39915742793791575,0.8181818181818182,"{""class_weight"": ""balanced_subsample"", ""max_depth"": 8, ""max_features"": ""sqrt"", ""min_samples_leaf"": 4, ""min_samples_split"": 10, ""n_estimators"": 200}"
DASS-Depression,Random Forest,3,0.40898963094140334,0.35261109048770456,0.36809523809523814,1.0227272727272727,"{""class_weight"": ""balanced"", ""max_depth"": 8, ""max_features"": ""log2"", ""min_samples_leaf"": 2, ""min_samples_split"": 10, ""n_estimators"": 400}"
DASS-Depression,Random Forest,4,0.4258223993633797,0.39020202020202016,0.3783507549361208,0.75,"{""class_weight"": ""balanced"", ""max_depth"": 8, ""max_features"": ""log2"", ""min_samples_leaf"": 1, ""min_samples_split"": 10, ""n_estimators"": 200}"
DASS-Depression,Random Forest,5,0.4080940780266737,0.312668793195109,0.32195121951219513,0.9772727272727273,"{""class_weight"": ""balanced"", ""max_depth"": 6, ""max_features"": ""sqrt"", ""min_samples_leaf"": 1, ""min_samples_split"": 5, ""n_estimators"": 400}"
