Target,Model,Outer_Fold,Class,Class_Name,Recall
DASS_Stress,Logistic Regression,1,0,Normal,0.7636363636363637
DASS_Stress,Logistic Regression,1,1,Mild,0.18181818181818182
DASS_Stress,Logistic Regression,1,2,Moderate,0.16666666666666666
DASS_Stress,Logistic Regression,1,3,Severe,0.42857142857142855
DASS_Stress,Logistic Regression,1,4,Extremely,0.0
DASS_Stress,Logistic Regression,2,0,Normal,0.6545454545454545
DASS_Stress,Logistic Regression,2,1,Mild,0.18181818181818182
DASS_Stress,Logistic Regression,2,2,Moderate,0.5
DASS_Stress,Logistic Regression,2,3,Severe,0.5714285714285714
DASS_Stress,Logistic Regression,2,4,Extremely,0.0
DASS_Stress,Logistic Regression,3,0,Normal,0.8181818181818182
DASS_Stress,Logistic Regression,3,1,Mild,0.45454545454545453
DASS_Stress,Logistic Regression,3,2,Moderate,0.3333333333333333
DASS_Stress,Logistic Regression,3,3,Severe,0.5714285714285714
DASS_Stress,Logistic Regression,3,4,Extremely,0.0
DASS_Stress,Logistic Regression,4,0,Normal,0.7272727272727273
DASS_Stress,Logistic Regression,4,1,Mild,0.2727272727272727
DASS_Stress,Logistic Regression,4,2,Moderate,0.25
DASS_Stress,Logistic Regression,4,3,Severe,0.5714285714285714
DASS_Stress,Logistic Regression,4,4,Extremely,0.3333333333333333
DASS_Stress,Logistic Regression,5,0,Normal,0.6363636363636364
DASS_Stress,Logistic Regression,5,1,Mild,0.09090909090909091
DASS_Stress,Logistic Regression,5,2,Moderate,0.3076923076923077
DASS_Stress,Logistic Regression,5,3,Severe,0.5714285714285714
DASS_Stress,Logistic Regression,5,4,Extremely,0.5
DASS_Stress,Random Forest,1,0,Normal,0.8181818181818182
DASS_Stress,Random Forest,1,1,Mild,0.18181818181818182
DASS_Stress,Random Forest,1,2,Moderate,0.5
DASS_Stress,Random Forest,1,3,Severe,0.14285714285714285
DASS_Stress,Random Forest,1,4,Extremely,0.0
DASS_Stress,Random Forest,2,0,Normal,0.7454545454545455
DASS_Stress,Random Forest,2,1,Mild,0.09090909090909091
DASS_Stress,Random Forest,2,2,Moderate,0.4166666666666667
DASS_Stress,Random Forest,2,3,Severe,0.42857142857142855
DASS_Stress,Random Forest,2,4,Extremely,0.0
DASS_Stress,Random Forest,3,0,Normal,0.8181818181818182
DASS_Stress,Random Forest,3,1,Mild,0.18181818181818182
DASS_Stress,Random Forest,3,2,Moderate,0.4166666666666667
DASS_Stress,Random Forest,3,3,Severe,0.42857142857142855
DASS_Stress,Random Forest,3,4,Extremely,0.0
DASS_Stress,Random Forest,4,0,Normal,0.8
DASS_Stress,Random Forest,4,1,Mild,0.09090909090909091
DASS_Stress,Random Forest,4,2,Moderate,0.08333333333333333
DASS_Stress,Random Forest,4,3,Severe,0.2857142857142857
DASS_Stress,Random Forest,4,4,Extremely,0.3333333333333333
DASS_Stress,Random Forest,5,0,Normal,0.7272727272727273
DASS_Stress,Random Forest,5,1,Mild,0.09090909090909091
DASS_Stress,Random Forest,5,2,Moderate,0.15384615384615385
DASS_Stress,Random Forest,5,3,Severe,0.14285714285714285
DASS_Stress,Random Forest,5,4,Extremely,1.0
DASS-Anxiety,Logistic Regression,1,0,Normal,0.5526315789473685
DASS-Anxiety,Logistic Regression,1,1,Mild,0.14285714285714285
DASS-Anxiety,Logistic Regression,1,2,Moderate,0.1111111111111111
DASS-Anxiety,Logistic Regression,1,3,Severe,0.09090909090909091
DASS-Anxiety,Logistic Regression,1,4,Extremely,0.6428571428571429
DASS-Anxiety,Logistic Regression,2,0,Normal,0.4473684210526316
DASS-Anxiety,Logistic Regression,2,1,Mild,0.14285714285714285
DASS-Anxiety,Logistic Regression,2,2,Moderate,0.16666666666666666
DASS-Anxiety,Logistic Regression,2,3,Severe,0.36363636363636365
DASS-Anxiety,Logistic Regression,2,4,Extremely,0.35714285714285715
DASS-Anxiety,Logistic Regression,3,0,Normal,0.5526315789473685
DASS-Anxiety,Logistic Regression,3,1,Mild,0.14285714285714285
DASS-Anxiety,Logistic Regression,3,2,Moderate,0.16666666666666666
DASS-Anxiety,Logistic Regression,3,3,Severe,0.0
DASS-Anxiety,Logistic Regression,3,4,Extremely,0.5714285714285714
DASS-Anxiety,Logistic Regression,4,0,Normal,0.6052631578947368
DASS-Anxiety,Logistic Regression,4,1,Mild,0.25
DASS-Anxiety,Logistic Regression,4,2,Moderate,0.16666666666666666
DASS-Anxiety,Logistic Regression,4,3,Severe,0.1
DASS-Anxiety,Logistic Regression,4,4,Extremely,0.7142857142857143
DASS-Anxiety,Logistic Regression,5,0,Normal,0.6756756756756757
DASS-Anxiety,Logistic Regression,5,1,Mild,0.0
DASS-Anxiety,Logistic Regression,5,2,Moderate,0.3157894736842105
DASS-Anxiety,Logistic Regression,5,3,Severe,0.3
DASS-Anxiety,Logistic Regression,5,4,Extremely,0.5714285714285714
DASS-Anxiety,Random Forest,1,0,Normal,0.631578947368421
DASS-Anxiety,Random Forest,1,1,Mild,0.0
DASS-Anxiety,Random Forest,1,2,Moderate,0.1111111111111111
DASS-Anxiety,Random Forest,1,3,Severe,0.0
DASS-Anxiety,Random Forest,1,4,Extremely,0.5714285714285714
DASS-Anxiety,Random Forest,2,0,Normal,0.6052631578947368
DASS-Anxiety,Random Forest,2,1,Mild,0.0
DASS-Anxiety,Random Forest,2,2,Moderate,0.1111111111111111
DASS-Anxiety,Random Forest,2,3,Severe,0.09090909090909091
DASS-Anxiety,Random Forest,2,4,Extremely,0.6428571428571429
DASS-Anxiety,Random Forest,3,0,Normal,0.6842105263157895
DASS-Anxiety,Random Forest,3,1,Mild,0.14285714285714285
DASS-Anxiety,Random Forest,3,2,Moderate,0.1111111111111111
DASS-Anxiety,Random Forest,3,3,Severe,0.09090909090909091
DASS-Anxiety,Random Forest,3,4,Extremely,0.6428571428571429
DASS-Anxiety,Random Forest,4,0,Normal,0.6842105263157895
DASS-Anxiety,Random Forest,4,1,Mild,0.0
DASS-Anxiety,Random Forest,4,2,Moderate,0.2777777777777778
DASS-Anxiety,Random Forest,4,3,Severe,0.1
DASS-Anxiety,Random Forest,4,4,Extremely,0.6428571428571429
DASS-Anxiety,Random Forest,5,0,Normal,0.7837837837837838
DASS-Anxiety,Random Forest,5,1,Mild,0.0
DASS-Anxiety,Random Forest,5,2,Moderate,0.3684210526315789
DASS-Anxiety,Random Forest,5,3,Severe,0.0
DASS-Anxiety,Random Forest,5,4,Extremely,0.9285714285714286
DASS-Depression,Logistic Regression,1,0,Normal,0.6585365853658537
DASS-Depression,Logistic Regression,1,1,Mild,0.0
DASS-Depression,Logistic Regression,1,2,Moderate,0.35
DASS-Depression,Logistic Regression,1,3,Severe,0.0
DASS-Depression,Logistic Regression,1,4,Extremely,0.7
DASS-Depression,Logistic Regression,2,0,Normal,0.5609756097560976
DASS-Depression,Logistic Regression,2,1,Mild,0.18181818181818182
DASS-Depression,Logistic Regression,2,2,Moderate,0.25
DASS-Depression,Logistic Regression,2,3,Severe,0.16666666666666666
DASS-Depression,Logistic Regression,2,4,Extremely,0.5
DASS-Depression,Logistic Regression,3,0,Normal,0.5952380952380952
DASS-Depression,Logistic Regression,3,1,Mild,0.3
DASS-Depression,Logistic Regression,3,2,Moderate,0.25
DASS-Depression,Logistic Regression,3,3,Severe,0.3333333333333333
DASS-Depression,Logistic Regression,3,4,Extremely,0.3
DASS-Depression,Logistic Regression,4,0,Normal,0.6829268292682927
DASS-Depression,Logistic Regression,4,1,Mild,0.2
DASS-Depression,Logistic Regression,4,2,Moderate,0.3333333333333333
DASS-Depression,Logistic Regression,4,3,Severe,0.16666666666666666
DASS-Depression,Logistic Regression,4,4,Extremely,0.3
DASS-Depression,Logistic Regression,5,0,Normal,0.5609756097560976
DASS-Depression,Logistic Regression,5,1,Mild,0.3
DASS-Depression,Logistic Regression,5,2,Moderate,0.35
DASS-Depression,Logistic Regression,5,3,Severe,0.42857142857142855
DASS-Depression,Logistic Regression,5,4,Extremely,0.4
DASS-Depression,Random Forest,1,0,Normal,0.6829268292682927
DASS-Depression,Random Forest,1,1,Mild,0.09090909090909091
DASS-Depression,Random Forest,1,2,Moderate,0.45
DASS-Depression,Random Forest,1,3,Severe,0.0
DASS-Depression,Random Forest,1,4,Extremely,0.7
DASS-Depression,Random Forest,2,0,Normal,0.8048780487804879
DASS-Depression,Random Forest,2,1,Mild,0.09090909090909091
DASS-Depression,Random Forest,2,2,Moderate,0.4
DASS-Depression,Random Forest,2,3,Severe,0.0
DASS-Depression,Random Forest,2,4,Extremely,0.7
DASS-Depression,Random Forest,3,0,Normal,0.6904761904761905
DASS-Depression,Random Forest,3,1,Mild,0.3
DASS-Depression,Random Forest,3,2,Moderate,0.35
DASS-Depression,Random Forest,3,3,Severe,0.0
DASS-Depression,Random Forest,3,4,Extremely,0.5
DASS-Depression,Random Forest,4,0,Normal,0.8536585365853658
DASS-Depression,Random Forest,4,1,Mild,0.2
DASS-Depression,Random Forest,4,2,Moderate,0.23809523809523808
DASS-Depression,Random Forest,4,3,Severe,0.0
DASS-Depression,Random Forest,4,4,Extremely,0.6
DASS-Depression,Random Forest,5,0,Normal,0.6097560975609756
DASS-Depression,Random Forest,5,1,Mild,0.1
DASS-Depression,Random Forest,5,2,Moderate,0.5
DASS-Depression,Random Forest,5,3,Severe,0.0
DASS-Depression,Random Forest,5,4,Extremely,0.4
