Target,Model,Outer_Fold,C,class_weight,penalty,solver,max_depth,max_features,min_samples_leaf,min_samples_split,n_estimators
DASS_Stress,Logistic Regression,1,0.01,balanced,l2,lbfgs,,,,,
DASS_Stress,Logistic Regression,2,0.05,balanced,l2,lbfgs,,,,,
DASS_Stress,Logistic Regression,3,1.0,,l2,lbfgs,,,,,
DASS_Stress,Logistic Regression,4,0.1,balanced,l2,lbfgs,,,,,
DASS_Stress,Logistic Regression,5,1.0,balanced,l2,lbfgs,,,,,
DASS_Stress,Random Forest,1,,balanced,,,,log2,1.0,10.0,200.0
DASS_Stress,Random Forest,2,,balanced,,,6.0,log2,1.0,2.0,400.0
DASS_Stress,Random Forest,3,,balanced_subsample,,,6.0,sqrt,4.0,10.0,200.0
DASS_Stress,Random Forest,4,,balanced_subsample,,,4.0,sqrt,4.0,2.0,200.0
DASS_Stress,Random Forest,5,,balanced_subsample,,,6.0,sqrt,1.0,10.0,200.0
DASS-Anxiety,Logistic Regression,1,0.01,balanced,l2,lbfgs,,,,,
DASS-Anxiety,Logistic Regression,2,5.0,,l2,lbfgs,,,,,
DASS-Anxiety,Logistic Regression,3,0.05,balanced,l2,lbfgs,,,,,
DASS-Anxiety,Logistic Regression,4,0.1,balanced,l2,lbfgs,,,,,
DASS-Anxiety,Logistic Regression,5,0.5,,l2,lbfgs,,,,,
DASS-Anxiety,Random Forest,1,,balanced,,,4.0,log2,4.0,10.0,200.0
DASS-Anxiety,Random Forest,2,,balanced,,,6.0,log2,4.0,2.0,400.0
DASS-Anxiety,Random Forest,3,,balanced,,,4.0,log2,2.0,2.0,200.0
DASS-Anxiety,Random Forest,4,,balanced,,,8.0,sqrt,2.0,2.0,200.0
DASS-Anxiety,Random Forest,5,,balanced_subsample,,,,log2,1.0,10.0,200.0
DASS-Depression,Logistic Regression,1,0.1,balanced,l2,lbfgs,,,,,
DASS-Depression,Logistic Regression,2,0.1,balanced,l2,lbfgs,,,,,
DASS-Depression,Logistic Regression,3,0.1,balanced,l2,lbfgs,,,,,
DASS-Depression,Logistic Regression,4,10.0,balanced,l2,lbfgs,,,,,
DASS-Depression,Logistic Regression,5,0.05,balanced,l2,lbfgs,,,,,
DASS-Depression,Random Forest,1,,balanced,,,8.0,sqrt,1.0,10.0,200.0
DASS-Depression,Random Forest,2,,balanced_subsample,,,8.0,sqrt,4.0,10.0,200.0
DASS-Depression,Random Forest,3,,balanced,,,8.0,log2,2.0,10.0,400.0
DASS-Depression,Random Forest,4,,balanced,,,8.0,log2,1.0,10.0,200.0
DASS-Depression,Random Forest,5,,balanced,,,6.0,sqrt,1.0,5.0,400.0
