target,experiment,model,macro_f1_mean,macro_f1_sd,balanced_accuracy_mean,balanced_accuracy_sd,ordinal_mae_mean,ordinal_mae_sd
DASS-Anxiety,With_Often_feels_stressed,Logistic Regression,0.31879793562312536,0.059341378503667365,0.33365669497248446,0.06619269948131618,1.1477272727272727,0.10258789821174878
DASS-Anxiety,With_Often_feels_stressed,Random Forest,0.3156118271742366,0.06202798279239804,0.34374456206035153,0.06423197098854747,1.0045454545454544,0.17207562483151714
DASS-Anxiety,Without_Often_feels_stressed,Logistic Regression,0.3159590287459745,0.05407941817942141,0.32910285541864487,0.05810937192726956,1.1568181818181817,0.11116633728541453
DASS-Anxiety,Without_Often_feels_stressed,Random Forest,0.3074985619280769,0.04393548387354386,0.33408597661229245,0.05739387430603502,1.0522727272727272,0.11771103784162328
DASS-Depression,With_Often_feels_stressed,Logistic Regression,0.3314173655999474,0.04500256361279809,0.3338730862633302,0.04034269746937782,0.9545454545454545,0.11220691851211077
DASS-Depression,With_Often_feels_stressed,Random Forest,0.3819726032322476,0.019503671898835888,0.3936198923028192,0.02429336893955636,0.7863636363636364,0.0985431063121764
DASS-Depression,Without_Often_feels_stressed,Logistic Regression,0.3394516992991784,0.032939207834968606,0.3415153626860944,0.023546571994414685,0.9386363636363637,0.10587104271683746
DASS-Depression,Without_Often_feels_stressed,Random Forest,0.38322814418879625,0.0452998119375109,0.4016198923028191,0.04727308994960088,0.825,0.13193568430636357
DASS_Stress,With_Often_feels_stressed,Logistic Regression,0.3689143821707291,0.044113261808491656,0.3983096903096903,0.037111266192019786,0.7227272727272728,0.08139092990668176
DASS_Stress,With_Often_feels_stressed,Random Forest,0.366722884890336,0.058073831653306936,0.36855544455544453,0.05523844019187843,0.5590909090909091,0.045026392627634006
DASS_Stress,Without_Often_feels_stressed,Logistic Regression,0.3551084963261327,0.03600012164319863,0.3882211122211122,0.03446252441325678,0.75,0.08691510534533155
DASS_Stress,Without_Often_feels_stressed,Random Forest,0.37399981280326744,0.048977370531398876,0.3711928071928072,0.04357052565385623,0.5727272727272728,0.05715807427254223
