target,experiment,model,class_id,class_name,recall,support
DASS_Stress,With_Often_feels_stressed,Logistic Regression,0,Normal,0.6581818181818182,275
DASS_Stress,With_Often_feels_stressed,Logistic Regression,1,Mild,0.34545454545454546,55
DASS_Stress,With_Often_feels_stressed,Logistic Regression,2,Moderate,0.29508196721311475,61
DASS_Stress,With_Often_feels_stressed,Logistic Regression,3,Severe,0.45714285714285713,35
DASS_Stress,With_Often_feels_stressed,Logistic Regression,4,Extremely,0.21428571428571427,14
DASS_Stress,With_Often_feels_stressed,Random Forest,0,Normal,0.8290909090909091,275
DASS_Stress,With_Often_feels_stressed,Random Forest,1,Mild,0.18181818181818182,55
DASS_Stress,With_Often_feels_stressed,Random Forest,2,Moderate,0.3770491803278688,61
DASS_Stress,With_Often_feels_stressed,Random Forest,3,Severe,0.2857142857142857,35
DASS_Stress,With_Often_feels_stressed,Random Forest,4,Extremely,0.14285714285714285,14
DASS_Stress,Without_Often_feels_stressed,Logistic Regression,0,Normal,0.6436363636363637,275
DASS_Stress,Without_Often_feels_stressed,Logistic Regression,1,Mild,0.34545454545454546,55
DASS_Stress,Without_Often_feels_stressed,Logistic Regression,2,Moderate,0.32786885245901637,61
DASS_Stress,Without_Often_feels_stressed,Logistic Regression,3,Severe,0.45714285714285713,35
DASS_Stress,Without_Often_feels_stressed,Logistic Regression,4,Extremely,0.14285714285714285,14
DASS_Stress,Without_Often_feels_stressed,Random Forest,0,Normal,0.8290909090909091,275
DASS_Stress,Without_Often_feels_stressed,Random Forest,1,Mild,0.18181818181818182,55
DASS_Stress,Without_Often_feels_stressed,Random Forest,2,Moderate,0.36065573770491804,61
DASS_Stress,Without_Often_feels_stressed,Random Forest,3,Severe,0.3142857142857143,35
DASS_Stress,Without_Often_feels_stressed,Random Forest,4,Extremely,0.14285714285714285,14
DASS-Anxiety,With_Often_feels_stressed,Logistic Regression,0,Normal,0.4973544973544973,189
DASS-Anxiety,With_Often_feels_stressed,Logistic Regression,1,Mild,0.1891891891891892,37
DASS-Anxiety,With_Often_feels_stressed,Logistic Regression,2,Moderate,0.21978021978021978,91
DASS-Anxiety,With_Often_feels_stressed,Logistic Regression,3,Severe,0.22641509433962265,53
DASS-Anxiety,With_Often_feels_stressed,Logistic Regression,4,Extremely,0.5428571428571428,70
DASS-Anxiety,With_Often_feels_stressed,Random Forest,0,Normal,0.7195767195767195,189
DASS-Anxiety,With_Often_feels_stressed,Random Forest,1,Mild,0.0,37
DASS-Anxiety,With_Often_feels_stressed,Random Forest,2,Moderate,0.2857142857142857,91
DASS-Anxiety,With_Often_feels_stressed,Random Forest,3,Severe,0.05660377358490566,53
DASS-Anxiety,With_Often_feels_stressed,Random Forest,4,Extremely,0.6571428571428571,70
DASS-Anxiety,Without_Often_feels_stressed,Logistic Regression,0,Normal,0.5026455026455027,189
DASS-Anxiety,Without_Often_feels_stressed,Logistic Regression,1,Mild,0.16216216216216217,37
DASS-Anxiety,Without_Often_feels_stressed,Logistic Regression,2,Moderate,0.23076923076923078,91
DASS-Anxiety,Without_Often_feels_stressed,Logistic Regression,3,Severe,0.22641509433962265,53
DASS-Anxiety,Without_Often_feels_stressed,Logistic Regression,4,Extremely,0.5285714285714286,70
DASS-Anxiety,Without_Often_feels_stressed,Random Forest,0,Normal,0.6984126984126984,189
DASS-Anxiety,Without_Often_feels_stressed,Random Forest,1,Mild,0.0,37
DASS-Anxiety,Without_Often_feels_stressed,Random Forest,2,Moderate,0.25274725274725274,91
DASS-Anxiety,Without_Often_feels_stressed,Random Forest,3,Severe,0.07547169811320754,53
DASS-Anxiety,Without_Often_feels_stressed,Random Forest,4,Extremely,0.6428571428571429,70
DASS-Depression,With_Often_feels_stressed,Logistic Regression,0,Normal,0.6116504854368932,206
DASS-Depression,With_Often_feels_stressed,Logistic Regression,1,Mild,0.19230769230769232,52
DASS-Depression,With_Often_feels_stressed,Logistic Regression,2,Moderate,0.32673267326732675,101
DASS-Depression,With_Often_feels_stressed,Logistic Regression,3,Severe,0.16129032258064516,31
DASS-Depression,With_Often_feels_stressed,Logistic Regression,4,Extremely,0.38,50
DASS-Depression,With_Often_feels_stressed,Random Forest,0,Normal,0.7669902912621359,206
DASS-Depression,With_Often_feels_stressed,Random Forest,1,Mild,0.17307692307692307,52
DASS-Depression,With_Often_feels_stressed,Random Forest,2,Moderate,0.504950495049505,101
DASS-Depression,With_Often_feels_stressed,Random Forest,3,Severe,0.0,31
DASS-Depression,With_Often_feels_stressed,Random Forest,4,Extremely,0.52,50
DASS-Depression,Without_Often_feels_stressed,Logistic Regression,0,Normal,0.616504854368932,206
DASS-Depression,Without_Often_feels_stressed,Logistic Regression,1,Mild,0.19230769230769232,52
DASS-Depression,Without_Often_feels_stressed,Logistic Regression,2,Moderate,0.32673267326732675,101
DASS-Depression,Without_Often_feels_stressed,Logistic Regression,3,Severe,0.1935483870967742,31
DASS-Depression,Without_Often_feels_stressed,Logistic Regression,4,Extremely,0.38,50
DASS-Depression,Without_Often_feels_stressed,Random Forest,0,Normal,0.7669902912621359,206
DASS-Depression,Without_Often_feels_stressed,Random Forest,1,Mild,0.19230769230769232,52
DASS-Depression,Without_Often_feels_stressed,Random Forest,2,Moderate,0.44554455445544555,101
DASS-Depression,Without_Often_feels_stressed,Random Forest,3,Severe,0.0,31
DASS-Depression,Without_Often_feels_stressed,Random Forest,4,Extremely,0.6,50
