target,experiment,model,true_class,predicted_class,count
DASS_Stress,With_Often_feels_stressed,Logistic Regression,0,0,181
DASS_Stress,With_Often_feels_stressed,Logistic Regression,0,1,42
DASS_Stress,With_Often_feels_stressed,Logistic Regression,0,2,32
DASS_Stress,With_Often_feels_stressed,Logistic Regression,0,3,18
DASS_Stress,With_Often_feels_stressed,Logistic Regression,0,4,2
DASS_Stress,With_Often_feels_stressed,Logistic Regression,1,0,18
DASS_Stress,With_Often_feels_stressed,Logistic Regression,1,1,19
DASS_Stress,With_Often_feels_stressed,Logistic Regression,1,2,13
DASS_Stress,With_Often_feels_stressed,Logistic Regression,1,3,3
DASS_Stress,With_Often_feels_stressed,Logistic Regression,1,4,2
DASS_Stress,With_Often_feels_stressed,Logistic Regression,2,0,10
DASS_Stress,With_Often_feels_stressed,Logistic Regression,2,1,18
DASS_Stress,With_Often_feels_stressed,Logistic Regression,2,2,18
DASS_Stress,With_Often_feels_stressed,Logistic Regression,2,3,12
DASS_Stress,With_Often_feels_stressed,Logistic Regression,2,4,3
DASS_Stress,With_Often_feels_stressed,Logistic Regression,3,0,2
DASS_Stress,With_Often_feels_stressed,Logistic Regression,3,1,8
DASS_Stress,With_Often_feels_stressed,Logistic Regression,3,2,8
DASS_Stress,With_Often_feels_stressed,Logistic Regression,3,3,16
DASS_Stress,With_Often_feels_stressed,Logistic Regression,3,4,1
DASS_Stress,With_Often_feels_stressed,Logistic Regression,4,0,0
DASS_Stress,With_Often_feels_stressed,Logistic Regression,4,1,1
DASS_Stress,With_Often_feels_stressed,Logistic Regression,4,2,7
DASS_Stress,With_Often_feels_stressed,Logistic Regression,4,3,3
DASS_Stress,With_Often_feels_stressed,Logistic Regression,4,4,3
DASS_Stress,With_Often_feels_stressed,Random Forest,0,0,228
DASS_Stress,With_Often_feels_stressed,Random Forest,0,1,22
DASS_Stress,With_Often_feels_stressed,Random Forest,0,2,21
DASS_Stress,With_Often_feels_stressed,Random Forest,0,3,4
DASS_Stress,With_Often_feels_stressed,Random Forest,0,4,0
DASS_Stress,With_Often_feels_stressed,Random Forest,1,0,27
DASS_Stress,With_Often_feels_stressed,Random Forest,1,1,10
DASS_Stress,With_Often_feels_stressed,Random Forest,1,2,14
DASS_Stress,With_Often_feels_stressed,Random Forest,1,3,4
DASS_Stress,With_Often_feels_stressed,Random Forest,1,4,0
DASS_Stress,With_Often_feels_stressed,Random Forest,2,0,16
DASS_Stress,With_Often_feels_stressed,Random Forest,2,1,10
DASS_Stress,With_Often_feels_stressed,Random Forest,2,2,23
DASS_Stress,With_Often_feels_stressed,Random Forest,2,3,9
DASS_Stress,With_Often_feels_stressed,Random Forest,2,4,3
DASS_Stress,With_Often_feels_stressed,Random Forest,3,0,4
DASS_Stress,With_Often_feels_stressed,Random Forest,3,1,6
DASS_Stress,With_Often_feels_stressed,Random Forest,3,2,15
DASS_Stress,With_Often_feels_stressed,Random Forest,3,3,10
DASS_Stress,With_Often_feels_stressed,Random Forest,3,4,0
DASS_Stress,With_Often_feels_stressed,Random Forest,4,0,1
DASS_Stress,With_Often_feels_stressed,Random Forest,4,1,1
DASS_Stress,With_Often_feels_stressed,Random Forest,4,2,8
DASS_Stress,With_Often_feels_stressed,Random Forest,4,3,2
DASS_Stress,With_Often_feels_stressed,Random Forest,4,4,2
DASS_Stress,Without_Often_feels_stressed,Logistic Regression,0,0,177
DASS_Stress,Without_Often_feels_stressed,Logistic Regression,0,1,42
DASS_Stress,Without_Often_feels_stressed,Logistic Regression,0,2,36
DASS_Stress,Without_Often_feels_stressed,Logistic Regression,0,3,18
DASS_Stress,Without_Often_feels_stressed,Logistic Regression,0,4,2
DASS_Stress,Without_Often_feels_stressed,Logistic Regression,1,0,20
DASS_Stress,Without_Often_feels_stressed,Logistic Regression,1,1,19
DASS_Stress,Without_Often_feels_stressed,Logistic Regression,1,2,10
DASS_Stress,Without_Often_feels_stressed,Logistic Regression,1,3,4
DASS_Stress,Without_Often_feels_stressed,Logistic Regression,1,4,2
DASS_Stress,Without_Often_feels_stressed,Logistic Regression,2,0,10
DASS_Stress,Without_Often_feels_stressed,Logistic Regression,2,1,17
DASS_Stress,Without_Often_feels_stressed,Logistic Regression,2,2,20
DASS_Stress,Without_Often_feels_stressed,Logistic Regression,2,3,10
DASS_Stress,Without_Often_feels_stressed,Logistic Regression,2,4,4
DASS_Stress,Without_Often_feels_stressed,Logistic Regression,3,0,3
DASS_Stress,Without_Often_feels_stressed,Logistic Regression,3,1,8
DASS_Stress,Without_Often_feels_stressed,Logistic Regression,3,2,7
DASS_Stress,Without_Often_feels_stressed,Logistic Regression,3,3,16
DASS_Stress,Without_Often_feels_stressed,Logistic Regression,3,4,1
DASS_Stress,Without_Often_feels_stressed,Logistic Regression,4,0,0
DASS_Stress,Without_Often_feels_stressed,Logistic Regression,4,1,1
DASS_Stress,Without_Often_feels_stressed,Logistic Regression,4,2,8
DASS_Stress,Without_Often_feels_stressed,Logistic Regression,4,3,3
DASS_Stress,Without_Often_feels_stressed,Logistic Regression,4,4,2
DASS_Stress,Without_Often_feels_stressed,Random Forest,0,0,228
DASS_Stress,Without_Often_feels_stressed,Random Forest,0,1,18
DASS_Stress,Without_Often_feels_stressed,Random Forest,0,2,25
DASS_Stress,Without_Often_feels_stressed,Random Forest,0,3,4
DASS_Stress,Without_Often_feels_stressed,Random Forest,0,4,0
DASS_Stress,Without_Often_feels_stressed,Random Forest,1,0,28
DASS_Stress,Without_Often_feels_stressed,Random Forest,1,1,10
DASS_Stress,Without_Often_feels_stressed,Random Forest,1,2,13
DASS_Stress,Without_Often_feels_stressed,Random Forest,1,3,4
DASS_Stress,Without_Often_feels_stressed,Random Forest,1,4,0
DASS_Stress,Without_Often_feels_stressed,Random Forest,2,0,19
DASS_Stress,Without_Often_feels_stressed,Random Forest,2,1,11
DASS_Stress,Without_Often_feels_stressed,Random Forest,2,2,22
DASS_Stress,Without_Often_feels_stressed,Random Forest,2,3,7
DASS_Stress,Without_Often_feels_stressed,Random Forest,2,4,2
DASS_Stress,Without_Often_feels_stressed,Random Forest,3,0,5
DASS_Stress,Without_Often_feels_stressed,Random Forest,3,1,4
DASS_Stress,Without_Often_feels_stressed,Random Forest,3,2,15
DASS_Stress,Without_Often_feels_stressed,Random Forest,3,3,11
DASS_Stress,Without_Often_feels_stressed,Random Forest,3,4,0
DASS_Stress,Without_Often_feels_stressed,Random Forest,4,0,0
DASS_Stress,Without_Often_feels_stressed,Random Forest,4,1,2
DASS_Stress,Without_Often_feels_stressed,Random Forest,4,2,9
DASS_Stress,Without_Often_feels_stressed,Random Forest,4,3,1
DASS_Stress,Without_Often_feels_stressed,Random Forest,4,4,2
DASS-Anxiety,With_Often_feels_stressed,Logistic Regression,0,0,94
DASS-Anxiety,With_Often_feels_stressed,Logistic Regression,0,1,27
DASS-Anxiety,With_Often_feels_stressed,Logistic Regression,0,2,32
DASS-Anxiety,With_Often_feels_stressed,Logistic Regression,0,3,26
DASS-Anxiety,With_Often_feels_stressed,Logistic Regression,0,4,10
DASS-Anxiety,With_Often_feels_stressed,Logistic Regression,1,0,8
DASS-Anxiety,With_Often_feels_stressed,Logistic Regression,1,1,7
DASS-Anxiety,With_Often_feels_stressed,Logistic Regression,1,2,11
DASS-Anxiety,With_Often_feels_stressed,Logistic Regression,1,3,4
DASS-Anxiety,With_Often_feels_stressed,Logistic Regression,1,4,7
DASS-Anxiety,With_Often_feels_stressed,Logistic Regression,2,0,23
DASS-Anxiety,With_Often_feels_stressed,Logistic Regression,2,1,18
DASS-Anxiety,With_Often_feels_stressed,Logistic Regression,2,2,20
DASS-Anxiety,With_Often_feels_stressed,Logistic Regression,2,3,12
DASS-Anxiety,With_Often_feels_stressed,Logistic Regression,2,4,18
DASS-Anxiety,With_Often_feels_stressed,Logistic Regression,3,0,10
DASS-Anxiety,With_Often_feels_stressed,Logistic Regression,3,1,12
DASS-Anxiety,With_Often_feels_stressed,Logistic Regression,3,2,9
DASS-Anxiety,With_Often_feels_stressed,Logistic Regression,3,3,12
DASS-Anxiety,With_Often_feels_stressed,Logistic Regression,3,4,10
DASS-Anxiety,With_Often_feels_stressed,Logistic Regression,4,0,4
DASS-Anxiety,With_Often_feels_stressed,Logistic Regression,4,1,5
DASS-Anxiety,With_Often_feels_stressed,Logistic Regression,4,2,9
DASS-Anxiety,With_Often_feels_stressed,Logistic Regression,4,3,14
DASS-Anxiety,With_Often_feels_stressed,Logistic Regression,4,4,38
DASS-Anxiety,With_Often_feels_stressed,Random Forest,0,0,136
DASS-Anxiety,With_Often_feels_stressed,Random Forest,0,1,4
DASS-Anxiety,With_Often_feels_stressed,Random Forest,0,2,32
DASS-Anxiety,With_Often_feels_stressed,Random Forest,0,3,5
DASS-Anxiety,With_Often_feels_stressed,Random Forest,0,4,12
DASS-Anxiety,With_Often_feels_stressed,Random Forest,1,0,15
DASS-Anxiety,With_Often_feels_stressed,Random Forest,1,1,0
DASS-Anxiety,With_Often_feels_stressed,Random Forest,1,2,13
DASS-Anxiety,With_Often_feels_stressed,Random Forest,1,3,3
DASS-Anxiety,With_Often_feels_stressed,Random Forest,1,4,6
DASS-Anxiety,With_Often_feels_stressed,Random Forest,2,0,38
DASS-Anxiety,With_Often_feels_stressed,Random Forest,2,1,4
DASS-Anxiety,With_Often_feels_stressed,Random Forest,2,2,26
DASS-Anxiety,With_Often_feels_stressed,Random Forest,2,3,5
DASS-Anxiety,With_Often_feels_stressed,Random Forest,2,4,18
DASS-Anxiety,With_Often_feels_stressed,Random Forest,3,0,17
DASS-Anxiety,With_Often_feels_stressed,Random Forest,3,1,2
DASS-Anxiety,With_Often_feels_stressed,Random Forest,3,2,13
DASS-Anxiety,With_Often_feels_stressed,Random Forest,3,3,3
DASS-Anxiety,With_Often_feels_stressed,Random Forest,3,4,18
DASS-Anxiety,With_Often_feels_stressed,Random Forest,4,0,5
DASS-Anxiety,With_Often_feels_stressed,Random Forest,4,1,1
DASS-Anxiety,With_Often_feels_stressed,Random Forest,4,2,11
DASS-Anxiety,With_Often_feels_stressed,Random Forest,4,3,7
DASS-Anxiety,With_Often_feels_stressed,Random Forest,4,4,46
DASS-Anxiety,Without_Often_feels_stressed,Logistic Regression,0,0,95
DASS-Anxiety,Without_Often_feels_stressed,Logistic Regression,0,1,26
DASS-Anxiety,Without_Often_feels_stressed,Logistic Regression,0,2,32
DASS-Anxiety,Without_Often_feels_stressed,Logistic Regression,0,3,24
DASS-Anxiety,Without_Often_feels_stressed,Logistic Regression,0,4,12
DASS-Anxiety,Without_Often_feels_stressed,Logistic Regression,1,0,10
DASS-Anxiety,Without_Often_feels_stressed,Logistic Regression,1,1,6
DASS-Anxiety,Without_Often_feels_stressed,Logistic Regression,1,2,11
DASS-Anxiety,Without_Often_feels_stressed,Logistic Regression,1,3,4
DASS-Anxiety,Without_Often_feels_stressed,Logistic Regression,1,4,6
DASS-Anxiety,Without_Often_feels_stressed,Logistic Regression,2,0,25
DASS-Anxiety,Without_Often_feels_stressed,Logistic Regression,2,1,14
DASS-Anxiety,Without_Often_feels_stressed,Logistic Regression,2,2,21
DASS-Anxiety,Without_Often_feels_stressed,Logistic Regression,2,3,14
DASS-Anxiety,Without_Often_feels_stressed,Logistic Regression,2,4,17
DASS-Anxiety,Without_Often_feels_stressed,Logistic Regression,3,0,10
DASS-Anxiety,Without_Often_feels_stressed,Logistic Regression,3,1,12
DASS-Anxiety,Without_Often_feels_stressed,Logistic Regression,3,2,8
DASS-Anxiety,Without_Often_feels_stressed,Logistic Regression,3,3,12
DASS-Anxiety,Without_Often_feels_stressed,Logistic Regression,3,4,11
DASS-Anxiety,Without_Often_feels_stressed,Logistic Regression,4,0,5
DASS-Anxiety,Without_Often_feels_stressed,Logistic Regression,4,1,5
DASS-Anxiety,Without_Often_feels_stressed,Logistic Regression,4,2,9
DASS-Anxiety,Without_Often_feels_stressed,Logistic Regression,4,3,14
DASS-Anxiety,Without_Often_feels_stressed,Logistic Regression,4,4,37
DASS-Anxiety,Without_Often_feels_stressed,Random Forest,0,0,132
DASS-Anxiety,Without_Often_feels_stressed,Random Forest,0,1,4
DASS-Anxiety,Without_Often_feels_stressed,Random Forest,0,2,36
DASS-Anxiety,Without_Often_feels_stressed,Random Forest,0,3,4
DASS-Anxiety,Without_Often_feels_stressed,Random Forest,0,4,13
DASS-Anxiety,Without_Often_feels_stressed,Random Forest,1,0,15
DASS-Anxiety,Without_Often_feels_stressed,Random Forest,1,1,0
DASS-Anxiety,Without_Often_feels_stressed,Random Forest,1,2,11
DASS-Anxiety,Without_Often_feels_stressed,Random Forest,1,3,4
DASS-Anxiety,Without_Often_feels_stressed,Random Forest,1,4,7
DASS-Anxiety,Without_Often_feels_stressed,Random Forest,2,0,40
DASS-Anxiety,Without_Often_feels_stressed,Random Forest,2,1,5
DASS-Anxiety,Without_Often_feels_stressed,Random Forest,2,2,23
DASS-Anxiety,Without_Often_feels_stressed,Random Forest,2,3,6
DASS-Anxiety,Without_Often_feels_stressed,Random Forest,2,4,17
DASS-Anxiety,Without_Often_feels_stressed,Random Forest,3,0,19
DASS-Anxiety,Without_Often_feels_stressed,Random Forest,3,1,2
DASS-Anxiety,Without_Often_feels_stressed,Random Forest,3,2,12
DASS-Anxiety,Without_Often_feels_stressed,Random Forest,3,3,4
DASS-Anxiety,Without_Often_feels_stressed,Random Forest,3,4,16
DASS-Anxiety,Without_Often_feels_stressed,Random Forest,4,0,5
DASS-Anxiety,Without_Often_feels_stressed,Random Forest,4,1,0
DASS-Anxiety,Without_Often_feels_stressed,Random Forest,4,2,14
DASS-Anxiety,Without_Often_feels_stressed,Random Forest,4,3,6
DASS-Anxiety,Without_Often_feels_stressed,Random Forest,4,4,45
DASS-Depression,With_Often_feels_stressed,Logistic Regression,0,0,126
DASS-Depression,With_Often_feels_stressed,Logistic Regression,0,1,28
DASS-Depression,With_Often_feels_stressed,Logistic Regression,0,2,34
DASS-Depression,With_Often_feels_stressed,Logistic Regression,0,3,12
DASS-Depression,With_Often_feels_stressed,Logistic Regression,0,4,6
DASS-Depression,With_Often_feels_stressed,Logistic Regression,1,0,12
DASS-Depression,With_Often_feels_stressed,Logistic Regression,1,1,10
DASS-Depression,With_Often_feels_stressed,Logistic Regression,1,2,15
DASS-Depression,With_Often_feels_stressed,Logistic Regression,1,3,6
DASS-Depression,With_Often_feels_stressed,Logistic Regression,1,4,9
DASS-Depression,With_Often_feels_stressed,Logistic Regression,2,0,24
DASS-Depression,With_Often_feels_stressed,Logistic Regression,2,1,23
DASS-Depression,With_Often_feels_stressed,Logistic Regression,2,2,33
DASS-Depression,With_Often_feels_stressed,Logistic Regression,2,3,12
DASS-Depression,With_Often_feels_stressed,Logistic Regression,2,4,9
DASS-Depression,With_Often_feels_stressed,Logistic Regression,3,0,4
DASS-Depression,With_Often_feels_stressed,Logistic Regression,3,1,7
DASS-Depression,With_Often_feels_stressed,Logistic Regression,3,2,9
DASS-Depression,With_Often_feels_stressed,Logistic Regression,3,3,5
DASS-Depression,With_Often_feels_stressed,Logistic Regression,3,4,6
DASS-Depression,With_Often_feels_stressed,Logistic Regression,4,0,2
DASS-Depression,With_Often_feels_stressed,Logistic Regression,4,1,5
DASS-Depression,With_Often_feels_stressed,Logistic Regression,4,2,9
DASS-Depression,With_Often_feels_stressed,Logistic Regression,4,3,15
DASS-Depression,With_Often_feels_stressed,Logistic Regression,4,4,19
DASS-Depression,With_Often_feels_stressed,Random Forest,0,0,158
DASS-Depression,With_Often_feels_stressed,Random Forest,0,1,6
DASS-Depression,With_Often_feels_stressed,Random Forest,0,2,33
DASS-Depression,With_Often_feels_stressed,Random Forest,0,3,3
DASS-Depression,With_Often_feels_stressed,Random Forest,0,4,6
DASS-Depression,With_Often_feels_stressed,Random Forest,1,0,16
DASS-Depression,With_Often_feels_stressed,Random Forest,1,1,9
DASS-Depression,With_Often_feels_stressed,Random Forest,1,2,18
DASS-Depression,With_Often_feels_stressed,Random Forest,1,3,3
DASS-Depression,With_Often_feels_stressed,Random Forest,1,4,6
DASS-Depression,With_Often_feels_stressed,Random Forest,2,0,29
DASS-Depression,With_Often_feels_stressed,Random Forest,2,1,4
DASS-Depression,With_Often_feels_stressed,Random Forest,2,2,51
DASS-Depression,With_Often_feels_stressed,Random Forest,2,3,6
DASS-Depression,With_Often_feels_stressed,Random Forest,2,4,11
DASS-Depression,With_Often_feels_stressed,Random Forest,3,0,3
DASS-Depression,With_Often_feels_stressed,Random Forest,3,1,5
DASS-Depression,With_Often_feels_stressed,Random Forest,3,2,15
DASS-Depression,With_Often_feels_stressed,Random Forest,3,3,0
DASS-Depression,With_Often_feels_stressed,Random Forest,3,4,8
DASS-Depression,With_Often_feels_stressed,Random Forest,4,0,2
DASS-Depression,With_Often_feels_stressed,Random Forest,4,1,2
DASS-Depression,With_Often_feels_stressed,Random Forest,4,2,17
DASS-Depression,With_Often_feels_stressed,Random Forest,4,3,3
DASS-Depression,With_Often_feels_stressed,Random Forest,4,4,26
DASS-Depression,Without_Often_feels_stressed,Logistic Regression,0,0,127
DASS-Depression,Without_Often_feels_stressed,Logistic Regression,0,1,30
DASS-Depression,Without_Often_feels_stressed,Logistic Regression,0,2,30
DASS-Depression,Without_Often_feels_stressed,Logistic Regression,0,3,13
DASS-Depression,Without_Often_feels_stressed,Logistic Regression,0,4,6
DASS-Depression,Without_Often_feels_stressed,Logistic Regression,1,0,13
DASS-Depression,Without_Often_feels_stressed,Logistic Regression,1,1,10
DASS-Depression,Without_Often_feels_stressed,Logistic Regression,1,2,16
DASS-Depression,Without_Often_feels_stressed,Logistic Regression,1,3,5
DASS-Depression,Without_Often_feels_stressed,Logistic Regression,1,4,8
DASS-Depression,Without_Often_feels_stressed,Logistic Regression,2,0,26
DASS-Depression,Without_Often_feels_stressed,Logistic Regression,2,1,23
DASS-Depression,Without_Often_feels_stressed,Logistic Regression,2,2,33
DASS-Depression,Without_Often_feels_stressed,Logistic Regression,2,3,12
DASS-Depression,Without_Often_feels_stressed,Logistic Regression,2,4,7
DASS-Depression,Without_Often_feels_stressed,Logistic Regression,3,0,4
DASS-Depression,Without_Often_feels_stressed,Logistic Regression,3,1,6
DASS-Depression,Without_Often_feels_stressed,Logistic Regression,3,2,9
DASS-Depression,Without_Often_feels_stressed,Logistic Regression,3,3,6
DASS-Depression,Without_Often_feels_stressed,Logistic Regression,3,4,6
DASS-Depression,Without_Often_feels_stressed,Logistic Regression,4,0,3
DASS-Depression,Without_Often_feels_stressed,Logistic Regression,4,1,4
DASS-Depression,Without_Often_feels_stressed,Logistic Regression,4,2,9
DASS-Depression,Without_Often_feels_stressed,Logistic Regression,4,3,15
DASS-Depression,Without_Often_feels_stressed,Logistic Regression,4,4,19
DASS-Depression,Without_Often_feels_stressed,Random Forest,0,0,158
DASS-Depression,Without_Often_feels_stressed,Random Forest,0,1,6
DASS-Depression,Without_Often_feels_stressed,Random Forest,0,2,30
DASS-Depression,Without_Often_feels_stressed,Random Forest,0,3,3
DASS-Depression,Without_Often_feels_stressed,Random Forest,0,4,9
DASS-Depression,Without_Often_feels_stressed,Random Forest,1,0,14
DASS-Depression,Without_Often_feels_stressed,Random Forest,1,1,10
DASS-Depression,Without_Often_feels_stressed,Random Forest,1,2,17
DASS-Depression,Without_Often_feels_stressed,Random Forest,1,3,2
DASS-Depression,Without_Often_feels_stressed,Random Forest,1,4,9
DASS-Depression,Without_Often_feels_stressed,Random Forest,2,0,32
DASS-Depression,Without_Often_feels_stressed,Random Forest,2,1,8
DASS-Depression,Without_Often_feels_stressed,Random Forest,2,2,45
DASS-Depression,Without_Often_feels_stressed,Random Forest,2,3,3
DASS-Depression,Without_Often_feels_stressed,Random Forest,2,4,13
DASS-Depression,Without_Often_feels_stressed,Random Forest,3,0,4
DASS-Depression,Without_Often_feels_stressed,Random Forest,3,1,3
DASS-Depression,Without_Often_feels_stressed,Random Forest,3,2,16
DASS-Depression,Without_Often_feels_stressed,Random Forest,3,3,0
DASS-Depression,Without_Often_feels_stressed,Random Forest,3,4,8
DASS-Depression,Without_Often_feels_stressed,Random Forest,4,0,3
DASS-Depression,Without_Often_feels_stressed,Random Forest,4,1,3
DASS-Depression,Without_Often_feels_stressed,Random Forest,4,2,12
DASS-Depression,Without_Often_feels_stressed,Random Forest,4,3,2
DASS-Depression,Without_Often_feels_stressed,Random Forest,4,4,30
