target,experiment,model,fold,macro_f1,balanced_accuracy,ordinal_mae
DASS_Stress,With_Often_feels_stressed,Logistic Regression,1,0.32501672240802676,0.35290043290043294,0.8522727272727273
DASS_Stress,With_Often_feels_stressed,Logistic Regression,2,0.3377712184971713,0.3832034632034632,0.7045454545454546
DASS_Stress,With_Often_feels_stressed,Logistic Regression,3,0.4351111111111111,0.4527705627705628,0.6363636363636364
DASS_Stress,With_Often_feels_stressed,Logistic Regression,4,0.3885991678224688,0.4121645021645022,0.6818181818181818
DASS_Stress,With_Often_feels_stressed,Logistic Regression,5,0.35807369101486747,0.39050949050949046,0.7386363636363636
DASS_Stress,With_Often_feels_stressed,Random Forest,1,0.30653846153846154,0.3129004329004329,0.6136363636363636
DASS_Stress,With_Often_feels_stressed,Random Forest,2,0.39751856705985145,0.37705627705627703,0.5340909090909091
DASS_Stress,With_Often_feels_stressed,Random Forest,3,0.39656565656565657,0.406017316017316,0.5
DASS_Stress,With_Often_feels_stressed,Random Forest,4,0.3031356031356031,0.3118181818181818,0.5568181818181818
DASS_Stress,With_Often_feels_stressed,Random Forest,5,0.4298561361521075,0.434985014985015,0.5909090909090909
DASS_Stress,Without_Often_feels_stressed,Logistic Regression,1,0.31904475904475904,0.3456277056277056,0.8977272727272727
DASS_Stress,Without_Often_feels_stressed,Logistic Regression,2,0.3162637362637363,0.3577489177489177,0.75
DASS_Stress,Without_Often_feels_stressed,Logistic Regression,3,0.3622510822510822,0.40064935064935064,0.6818181818181818
DASS_Stress,Without_Often_feels_stressed,Logistic Regression,4,0.3926928432191589,0.4158008658008658,0.6931818181818182
DASS_Stress,Without_Often_feels_stressed,Logistic Regression,5,0.38529006085192696,0.42127872127872124,0.7272727272727273
DASS_Stress,Without_Often_feels_stressed,Random Forest,1,0.3231981931112366,0.32744588744588743,0.6022727272727273
DASS_Stress,Without_Often_feels_stressed,Random Forest,2,0.3190615835777126,0.32645021645021643,0.6136363636363636
DASS_Stress,Without_Often_feels_stressed,Random Forest,3,0.4108441558441559,0.40753246753246747,0.5
DASS_Stress,Without_Often_feels_stressed,Random Forest,4,0.3969298245614035,0.3749350649350649,0.5227272727272727
DASS_Stress,Without_Often_feels_stressed,Random Forest,5,0.41996530692182865,0.4196003996003997,0.625
DASS-Anxiety,With_Often_feels_stressed,Logistic Regression,1,0.30023917259211375,0.30489861016176806,1.125
DASS-Anxiety,With_Often_feels_stressed,Logistic Regression,2,0.26760635623873497,0.28681552365762897,1.3181818181818181
DASS-Anxiety,With_Often_feels_stressed,Logistic Regression,3,0.2641328039119063,0.26730462519936204,1.1477272727272727
DASS-Anxiety,With_Often_feels_stressed,Logistic Regression,4,0.366993006993007,0.40095238095238095,1.1022727272727273
DASS-Anxiety,With_Often_feels_stressed,Logistic Regression,5,0.3950183383798647,0.40831233489128227,1.0454545454545454
DASS-Anxiety,With_Often_feels_stressed,Random Forest,1,0.2886661097187413,0.3023391812865497,0.9659090909090909
DASS-Anxiety,With_Often_feels_stressed,Random Forest,2,0.23363356053229473,0.2680868838763576,1.2272727272727273
DASS-Anxiety,With_Often_feels_stressed,Random Forest,3,0.32605534105534106,0.35552517657780813,1.0340909090909092
DASS-Anxiety,With_Often_feels_stressed,Random Forest,4,0.32621848739495796,0.3552548036758563,1.0454545454545454
DASS-Anxiety,With_Often_feels_stressed,Random Forest,5,0.4034856371698477,0.437516764885186,0.75
DASS-Anxiety,Without_Often_feels_stressed,Logistic Regression,1,0.3187123488946771,0.321272879167616,1.0681818181818181
DASS-Anxiety,Without_Often_feels_stressed,Logistic Regression,2,0.2775373296765487,0.2947520315941368,1.3295454545454546
DASS-Anxiety,Without_Often_feels_stressed,Logistic Regression,3,0.250853669939224,0.2561935140882509,1.1931818181818181
DASS-Anxiety,Without_Often_feels_stressed,Logistic Regression,4,0.3451545633178644,0.3738638262322473,1.1363636363636365
DASS-Anxiety,Without_Often_feels_stressed,Logistic Regression,5,0.38753723190155825,0.3994320260109734,1.0568181818181819
DASS-Anxiety,Without_Often_feels_stressed,Random Forest,1,0.31940035273368605,0.34152046783625734,0.9886363636363636
DASS-Anxiety,Without_Often_feels_stressed,Random Forest,2,0.24836326109391127,0.25828206880838456,1.1931818181818181
DASS-Anxiety,Without_Often_feels_stressed,Random Forest,3,0.3055648926237161,0.333302954355586,1.0909090909090908
DASS-Anxiety,Without_Often_feels_stressed,Random Forest,4,0.294199268224036,0.3187468671679198,1.1022727272727273
DASS-Anxiety,Without_Often_feels_stressed,Random Forest,5,0.36996503496503497,0.4185775248933144,0.8863636363636364
DASS-Depression,With_Often_feels_stressed,Logistic Regression,1,0.3175020885547201,0.31988913525498897,0.9545454545454546
DASS-Depression,With_Often_feels_stressed,Logistic Regression,2,0.37552941176470594,0.3765262379896527,0.8636363636363636
DASS-Depression,With_Often_feels_stressed,Logistic Regression,3,0.32527670527670527,0.3328571428571429,1.0227272727272727
DASS-Depression,With_Often_feels_stressed,Logistic Regression,4,0.37246642246642253,0.36538908246225316,0.8295454545454546
DASS-Depression,With_Often_feels_stressed,Logistic Regression,5,0.2663121999371831,0.27470383275261323,1.1022727272727273
DASS-Depression,With_Often_feels_stressed,Random Forest,1,0.3769116024537711,0.39915742793791575,0.7613636363636364
DASS-Depression,With_Often_feels_stressed,Random Forest,2,0.4144820295983087,0.42733924611973395,0.7840909090909091
DASS-Depression,With_Often_feels_stressed,Random Forest,3,0.36253520892246127,0.36809523809523814,0.9431818181818182
DASS-Depression,With_Often_feels_stressed,Random Forest,4,0.3741463723462626,0.37180023228803716,0.6704545454545454
DASS-Depression,With_Often_feels_stressed,Random Forest,5,0.3817878028404344,0.40170731707317076,0.7727272727272727
DASS-Depression,Without_Often_feels_stressed,Logistic Regression,1,0.3324915824915825,0.33476718403547673,0.9204545454545454
DASS-Depression,Without_Often_feels_stressed,Logistic Regression,2,0.3589226103157992,0.35652623798965266,0.875
DASS-Depression,Without_Often_feels_stressed,Logistic Regression,3,0.33598696553767154,0.3461904761904762,1.0340909090909092
DASS-Depression,Without_Often_feels_stressed,Logistic Regression,4,0.3788575096277279,0.36538908246225316,0.8068181818181818
DASS-Depression,Without_Often_feels_stressed,Logistic Regression,5,0.29099982852311096,0.3047038327526132,1.0568181818181819
DASS-Depression,Without_Often_feels_stressed,Random Forest,1,0.3769637252863663,0.41940133037694005,0.8295454545454546
DASS-Depression,Without_Often_feels_stressed,Random Forest,2,0.4005867665418227,0.41221729490022163,0.7727272727272727
DASS-Depression,Without_Often_feels_stressed,Random Forest,3,0.3087812575900151,0.3180952380952381,1.0227272727272727
DASS-Depression,Without_Often_feels_stressed,Random Forest,4,0.4275260343371798,0.4318002322880371,0.6590909090909091
DASS-Depression,Without_Often_feels_stressed,Random Forest,5,0.4022829371885976,0.4265853658536585,0.8409090909090909
